[{"model": "admin.logentry", "pk": 1, "fields": {"action_time": "2022-10-13T12:25:00.977Z", "user": 1, "content_type": 7, "object_id": "1", "object_repr": "Documentary", "action_flag": 1, "change_message": "[{\"added\": {}}]"}}, {"model": "admin.logentry", "pk": 2, "fields": {"action_time": "2022-10-13T12:25:13.316Z", "user": 1, "content_type": 7, "object_id": "2", "object_repr": "Action", "action_flag": 1, "change_message": "[{\"added\": {}}]"}}, {"model": "admin.logentry", "pk": 3, "fields": {"action_time": "2022-10-13T12:25:19.683Z", "user": 1, "content_type": 7, "object_id": "3", "object_repr": "Adventure", "action_flag": 1, "change_message": "[{\"added\": {}}]"}}, {"model": "admin.logentry", "pk": 4, "fields": {"action_time": "2022-10-13T12:25:26.679Z", "user": 1, "content_type": 7, "object_id": "4", "object_repr": "Comedy", "action_flag": 1, "change_message": "[{\"added\": {}}]"}}, {"model": "admin.logentry", "pk": 5, "fields": {"action_time": "2022-10-13T12:25:34.103Z", "user": 1, "content_type": 7, "object_id": "5", "object_repr": "Drama", "action_flag": 1, "change_message": "[{\"added\": {}}]"}}, {"model": "admin.logentry", "pk": 6, "fields": {"action_time": "2022-10-13T12:25:40.660Z", "user": 1, "content_type": 7, "object_id": "6", "object_repr": "Horror", "action_flag": 1, "change_message": "[{\"added\": {}}]"}}, {"model": "admin.logentry", "pk": 7, "fields": {"action_time": "2022-10-13T12:25:46.764Z", "user": 1, "content_type": 7, "object_id": "7", "object_repr": "Romance", "action_flag": 1, "change_message": "[{\"added\": {}}]"}}, {"model": "admin.logentry", "pk": 8, "fields": {"action_time": "2022-10-13T12:26:04.263Z", "user": 1, "content_type": 7, "object_id": "8", "object_repr": "Science fiction", "action_flag": 1, "change_message": "[{\"added\": {}}]"}}, {"model": "admin.logentry", "pk": 9, "fields": {"action_time": "2022-10-13T12:26:14.604Z", "user": 1, "content_type": 7, "object_id": "9", "object_repr": "Fantasy", "action_flag": 1, "change_message": "[{\"added\": {}}]"}}, {"model": "admin.logentry", "pk": 10, "fields": {"action_time": "2022-10-13T12:26:21.186Z", "user": 1, "content_type": 7, "object_id": "10", "object_repr": "Historical", "action_flag": 1, "change_message": "[{\"added\": {}}]"}}, {"model": "admin.logentry", "pk": 11, "fields": {"action_time": "2022-10-13T12:26:26.877Z", "user": 1, "content_type": 7, "object_id": "11", "object_repr": "Crime", "action_flag": 1, "change_message": "[{\"added\": {}}]"}}, {"model": "admin.logentry", "pk": 12, "fields": {"action_time": "2022-10-13T12:34:10.418Z", "user": 1, "content_type": 8, "object_id": "1", "object_repr": "Medieval", "action_flag": 1, "change_message": "[{\"added\": {}}]"}}, {"model": "admin.logentry", "pk": 13, "fields": {"action_time": "2022-10-13T12:35:13.556Z", "user": 1, "content_type": 8, "object_id": "2", "object_repr": "Bullet Train", "action_flag": 1, "change_message": "[{\"added\": {}}]"}}, {"model": "admin.logentry", "pk": 14, "fields": {"action_time": "2022-10-15T18:08:11.159Z", "user": 1, "content_type": 8, "object_id": "2", "object_repr": "Bullet Train", "action_flag": 2, "change_message": "[{\"changed\": {\"fields\": [\"Image\"]}}]"}}, {"model": "admin.logentry", "pk": 15, "fields": {"action_time": "2022-10-15T18:08:25.461Z", "user": 1, "content_type": 8, "object_id": "1", "object_repr": "Medieval", "action_flag": 2, "change_message": "[{\"changed\": {\"fields\": [\"Image\"]}}]"}}, {"model": "admin.logentry", "pk": 16, "fields": {"action_time": "2022-10-15T18:09:58.101Z", "user": 1, "content_type": 8, "object_id": "1", "object_repr": "Medieval", "action_flag": 2, "change_message": "[{\"changed\": {\"fields\": [\"Image\"]}}]"}}, {"model": "admin.logentry", "pk": 17, "fields": {"action_time": "2022-10-15T18:10:05.426Z", "user": 1, "content_type": 8, "object_id": "2", "object_repr": "Bullet Train", "action_flag": 2, "change_message": "[{\"changed\": {\"fields\": [\"Image\"]}}]"}}, {"model": "admin.logentry", "pk": 18, "fields": {"action_time": "2022-10-15T18:10:42.948Z", "user": 1, "content_type": 8, "object_id": "2", "object_repr": "Bullet Train", "action_flag": 2, "change_message": "[{\"changed\": {\"fields\": [\"Image\"]}}]"}}, {"model": "admin.logentry", "pk": 19, "fields": {"action_time": "2022-10-15T18:23:44.060Z", "user": 1, "content_type": 8, "object_id": "3", "object_repr": "The Northman", "action_flag": 1, "change_message": "[{\"added\": {}}]"}}, {"model": "admin.logentry", "pk": 20, "fields": {"action_time": "2022-10-15T18:24:57.741Z", "user": 1, "content_type": 8, "object_id": "4", "object_repr": "K.G.F: Chapter 2", "action_flag": 1, "change_message": "[{\"added\": {}}]"}}, {"model": "admin.logentry", "pk": 21, "fields": {"action_time": "2022-10-15T18:26:22.618Z", "user": 1, "content_type": 8, "object_id": "5", "object_repr": "Turning Red", "action_flag": 1, "change_message": "[{\"added\": {}}]"}}, {"model": "admin.logentry", "pk": 22, "fields": {"action_time": "2022-10-15T18:27:46.465Z", "user": 1, "content_type": 8, "object_id": "6", "object_repr": "Black Adam", "action_flag": 1, "change_message": "[{\"added\": {}}]"}}, {"model": "admin.logentry", "pk": 23, "fields": {"action_time": "2022-10-15T18:29:13.125Z", "user": 1, "content_type": 8, "object_id": "7", "object_repr": "Spider-Man", "action_flag": 1, "change_message": "[{\"added\": {}}]"}}, {"model": "admin.logentry", "pk": 24, "fields": {"action_time": "2022-10-15T18:31:49.390Z", "user": 1, "content_type": 8, "object_id": "8", "object_repr": "Dune", "action_flag": 1, "change_message": "[{\"added\": {}}]"}}, {"model": "admin.logentry", "pk": 25, "fields": {"action_time": "2022-10-15T18:33:25.089Z", "user": 1, "content_type": 8, "object_id": "9", "object_repr": "Doctor Strange", "action_flag": 1, "change_message": "[{\"added\": {}}]"}}, {"model": "admin.logentry", "pk": 26, "fields": {"action_time": "2022-10-15T18:35:03.963Z", "user": 1, "content_type": 8, "object_id": "10", "object_repr": "The Matrix", "action_flag": 1, "change_message": "[{\"added\": {}}]"}}, {"model": "admin.logentry", "pk": 27, "fields": {"action_time": "2022-10-16T18:49:14.687Z", "user": 1, "content_type": 10, "object_id": "1", "object_repr": "Jason Statham", "action_flag": 1, "change_message": "[{\"added\": {}}]"}}, {"model": "admin.logentry", "pk": 28, "fields": {"action_time": "2022-10-16T19:56:10.259Z", "user": 1, "content_type": 8, "object_id": "10", "object_repr": "The Matrix-1", "action_flag": 2, "change_message": "[{\"changed\": {\"fields\": [\"Name\", \"Rate\", \"Producer\", \"Director\", \"Trailer\", \"Language\"]}}]"}}, {"model": "admin.logentry", "pk": 29, "fields": {"action_time": "2022-10-16T19:56:52.473Z", "user": 1, "content_type": 9, "object_id": "1", "object_repr": "The Matrix-1", "action_flag": 1, "change_message": "[{\"added\": {}}]"}}, {"model": "admin.logentry", "pk": 30, "fields": {"action_time": "2022-10-16T19:59:16.172Z", "user": 1, "content_type": 8, "object_id": "9", "object_repr": "Doctor Strange", "action_flag": 2, "change_message": "[{\"changed\": {\"fields\": [\"Rate\", \"Producer\", \"Director\", \"Trailer\", \"Language\"]}}]"}}, {"model": "admin.logentry", "pk": 31, "fields": {"action_time": "2022-10-16T20:02:14.948Z", "user": 1, "content_type": 8, "object_id": "8", "object_repr": "Dune", "action_flag": 2, "change_message": "[{\"changed\": {\"fields\": [\"Rate\", \"Producer\", \"Director\", \"Trailer\", \"Language\"]}}]"}}, {"model": "admin.logentry", "pk": 32, "fields": {"action_time": "2022-10-16T20:03:37.368Z", "user": 1, "content_type": 9, "object_id": "2", "object_repr": "Dune", "action_flag": 1, "change_message": "[{\"added\": {}}]"}}, {"model": "admin.logentry", "pk": 33, "fields": {"action_time": "2022-10-16T20:04:19.749Z", "user": 1, "content_type": 9, "object_id": "3", "object_repr": "Doctor Strange", "action_flag": 1, "change_message": "[{\"added\": {}}]"}}, {"model": "admin.logentry", "pk": 34, "fields": {"action_time": "2022-10-16T20:09:32.494Z", "user": 1, "content_type": 8, "object_id": "10", "object_repr": "The Matrix-1", "action_flag": 2, "change_message": "[{\"changed\": {\"fields\": [\"Subtitle\"]}}]"}}, {"model": "admin.logentry", "pk": 35, "fields": {"action_time": "2022-10-16T20:09:52.531Z", "user": 1, "content_type": 8, "object_id": "9", "object_repr": "Doctor Strange", "action_flag": 2, "change_message": "[{\"changed\": {\"fields\": [\"Subtitle\"]}}]"}}, {"model": "admin.logentry", "pk": 36, "fields": {"action_time": "2022-10-16T22:04:43.036Z", "user": 1, "content_type": 10, "object_id": "2", "object_repr": "Keanu Reeves", "action_flag": 1, "change_message": "[{\"added\": {}}]"}}, {"model": "admin.logentry", "pk": 37, "fields": {"action_time": "2022-10-16T22:07:07.775Z", "user": 1, "content_type": 10, "object_id": "3", "object_repr": "Carrie-Anne Moss", "action_flag": 1, "change_message": "[{\"added\": {}}]"}}, {"model": "admin.logentry", "pk": 38, "fields": {"action_time": "2022-10-16T22:10:44.202Z", "user": 1, "content_type": 10, "object_id": "4", "object_repr": "Leonardo DiCaprio", "action_flag": 1, "change_message": "[{\"added\": {}}]"}}, {"model": "admin.logentry", "pk": 39, "fields": {"action_time": "2022-10-16T22:14:09.036Z", "user": 1, "content_type": 10, "object_id": "5", "object_repr": "Brad Pitt", "action_flag": 1, "change_message": "[{\"added\": {}}]"}}, {"model": "admin.logentry", "pk": 40, "fields": {"action_time": "2022-10-16T22:16:23.087Z", "user": 1, "content_type": 10, "object_id": "6", "object_repr": "Al Pacino", "action_flag": 1, "change_message": "[{\"added\": {}}]"}}, {"model": "admin.logentry", "pk": 41, "fields": {"action_time": "2022-10-16T22:18:02.674Z", "user": 1, "content_type": 10, "object_id": "7", "object_repr": "Angelina Jolie", "action_flag": 1, "change_message": "[{\"added\": {}}]"}}, {"model": "admin.logentry", "pk": 42, "fields": {"action_time": "2022-10-16T22:23:02.220Z", "user": 1, "content_type": 10, "object_id": "8", "object_repr": "Emilia Clarke", "action_flag": 1, "change_message": "[{\"added\": {}}]"}}, {"model": "admin.logentry", "pk": 43, "fields": {"action_time": "2022-10-16T22:24:59.017Z", "user": 1, "content_type": 10, "object_id": "9", "object_repr": "Scarlett Johansson", "action_flag": 1, "change_message": "[{\"added\": {}}]"}}, {"model": "admin.logentry", "pk": 44, "fields": {"action_time": "2022-10-16T22:27:30.978Z", "user": 1, "content_type": 10, "object_id": "10", "object_repr": "Marlon Brando", "action_flag": 1, "change_message": "[{\"added\": {}}]"}}, {"model": "admin.logentry", "pk": 45, "fields": {"action_time": "2022-10-16T22:29:35.739Z", "user": 1, "content_type": 10, "object_id": "11", "object_repr": "Tom Hanks", "action_flag": 1, "change_message": "[{\"added\": {}}]"}}, {"model": "admin.logentry", "pk": 46, "fields": {"action_time": "2022-10-16T22:31:51.920Z", "user": 1, "content_type": 10, "object_id": "12", "object_repr": "Jean Reno", "action_flag": 1, "change_message": "[{\"added\": {}}]"}}, {"model": "admin.logentry", "pk": 47, "fields": {"action_time": "2022-10-16T22:33:41.067Z", "user": 1, "content_type": 10, "object_id": "13", "object_repr": "Natalie Portman", "action_flag": 1, "change_message": "[{\"added\": {}}]"}}, {"model": "admin.logentry", "pk": 48, "fields": {"action_time": "2022-10-16T22:34:36.631Z", "user": 1, "content_type": 10, "object_id": "14", "object_repr": "Matt Damon", "action_flag": 1, "change_message": "[{\"added\": {}}]"}}, {"model": "admin.logentry", "pk": 49, "fields": {"action_time": "2022-10-17T06:05:41.085Z", "user": 1, "content_type": 8, "object_id": "11", "object_repr": "The Departed", "action_flag": 1, "change_message": "[{\"added\": {}}]"}}, {"model": "admin.logentry", "pk": 50, "fields": {"action_time": "2022-10-17T06:17:29.612Z", "user": 1, "content_type": 8, "object_id": "11", "object_repr": "The Departed", "action_flag": 2, "change_message": "[{\"changed\": {\"fields\": [\"Actors\"]}}]"}}, {"model": "admin.logentry", "pk": 51, "fields": {"action_time": "2022-10-17T06:23:59.830Z", "user": 1, "content_type": 10, "object_id": "15", "object_repr": "Mark Ruffalo", "action_flag": 1, "change_message": "[{\"added\": {}}]"}}, {"model": "admin.logentry", "pk": 52, "fields": {"action_time": "2022-10-17T06:24:05.934Z", "user": 1, "content_type": 10, "object_id": "15", "object_repr": "Mark Ruffalo", "action_flag": 2, "change_message": "[]"}}, {"model": "admin.logentry", "pk": 53, "fields": {"action_time": "2022-10-17T06:24:55.369Z", "user": 1, "content_type": 7, "object_id": "12", "object_repr": "Thriller", "action_flag": 1, "change_message": "[{\"added\": {}}]"}}, {"model": "admin.logentry", "pk": 54, "fields": {"action_time": "2022-10-17T06:25:16.880Z", "user": 1, "content_type": 7, "object_id": "13", "object_repr": "Mystery", "action_flag": 1, "change_message": "[{\"added\": {}}]"}}, {"model": "admin.logentry", "pk": 55, "fields": {"action_time": "2022-10-17T06:30:09.527Z", "user": 1, "content_type": 8, "object_id": "12", "object_repr": "Shutter Island", "action_flag": 1, "change_message": "[{\"added\": {}}]"}}, {"model": "admin.logentry", "pk": 56, "fields": {"action_time": "2022-10-17T06:31:04.009Z", "user": 1, "content_type": 10, "object_id": "15", "object_repr": "Mark Ruffalo", "action_flag": 2, "change_message": "[{\"changed\": {\"fields\": [\"Movies\"]}}]"}}, {"model": "admin.logentry", "pk": 57, "fields": {"action_time": "2022-10-17T06:31:14.938Z", "user": 1, "content_type": 10, "object_id": "14", "object_repr": "Matt Damon", "action_flag": 2, "change_message": "[{\"changed\": {\"fields\": [\"Movies\"]}}]"}}, {"model": "admin.logentry", "pk": 58, "fields": {"action_time": "2022-10-17T06:31:33.217Z", "user": 1, "content_type": 10, "object_id": "4", "object_repr": "Leonardo DiCaprio", "action_flag": 2, "change_message": "[{\"changed\": {\"fields\": [\"Movies\"]}}]"}}, {"model": "admin.logentry", "pk": 59, "fields": {"action_time": "2022-10-17T06:47:00.567Z", "user": 1, "content_type": 10, "object_id": "16", "object_repr": "Kit Harington", "action_flag": 1, "change_message": "[{\"added\": {}}]"}}, {"model": "admin.logentry", "pk": 60, "fields": {"action_time": "2022-10-17T06:48:46.425Z", "user": 1, "content_type": 10, "object_id": "17", "object_repr": "Sophie Turner", "action_flag": 1, "change_message": "[{\"added\": {}}]"}}, {"model": "admin.logentry", "pk": 61, "fields": {"action_time": "2022-10-17T06:50:07.028Z", "user": 1, "content_type": 10, "object_id": "18", "object_repr": "Lena Headey", "action_flag": 1, "change_message": "[{\"added\": {}}]"}}, {"model": "admin.logentry", "pk": 62, "fields": {"action_time": "2022-10-17T06:51:29.751Z", "user": 1, "content_type": 10, "object_id": "19", "object_repr": "Jason Momoa", "action_flag": 1, "change_message": "[{\"added\": {}}]"}}, {"model": "admin.logentry", "pk": 63, "fields": {"action_time": "2022-10-17T06:53:57.269Z", "user": 1, "content_type": 10, "object_id": "19", "object_repr": "Jason Momoa", "action_flag": 3, "change_message": ""}}, {"model": "admin.logentry", "pk": 64, "fields": {"action_time": "2022-10-17T06:54:37.332Z", "user": 1, "content_type": 10, "object_id": "20", "object_repr": "Jason Momoa", "action_flag": 1, "change_message": "[{\"added\": {}}]"}}, {"model": "admin.logentry", "pk": 65, "fields": {"action_time": "2022-10-17T06:58:22.316Z", "user": 1, "content_type": 11, "object_id": "1", "object_repr": "Series object (1)", "action_flag": 1, "change_message": "[{\"added\": {}}]"}}, {"model": "admin.logentry", "pk": 66, "fields": {"action_time": "2022-10-17T07:48:58.086Z", "user": 1, "content_type": 9, "object_id": "4", "object_repr": "this for fukcing epsoide", "action_flag": 1, "change_message": "[{\"added\": {}}]"}}, {"model": "admin.logentry", "pk": 67, "fields": {"action_time": "2022-10-17T07:49:21.746Z", "user": 1, "content_type": 13, "object_id": "1", "object_repr": "Fucking Epsoide", "action_flag": 1, "change_message": "[{\"added\": {}}]"}}, {"model": "admin.logentry", "pk": 68, "fields": {"action_time": "2022-10-17T07:49:35.058Z", "user": 1, "content_type": 13, "object_id": "1", "object_repr": "Fucking Epsoide", "action_flag": 3, "change_message": ""}}, {"model": "admin.logentry", "pk": 69, "fields": {"action_time": "2022-10-17T07:50:06.484Z", "user": 1, "content_type": 13, "object_id": "2", "object_repr": "Fucking Epsoide", "action_flag": 1, "change_message": "[{\"added\": {}}]"}}, {"model": "admin.logentry", "pk": 70, "fields": {"action_time": "2022-10-17T07:50:20.922Z", "user": 1, "content_type": 9, "object_id": "4", "object_repr": "this for fukcing epsoide", "action_flag": 3, "change_message": ""}}, {"model": "admin.logentry", "pk": 71, "fields": {"action_time": "2022-10-17T11:51:32.340Z", "user": 1, "content_type": 10, "object_id": "21", "object_repr": "mohamad", "action_flag": 1, "change_message": "[{\"added\": {}}]"}}, {"model": "admin.logentry", "pk": 72, "fields": {"action_time": "2022-10-17T11:54:05.523Z", "user": 1, "content_type": 8, "object_id": "13", "object_repr": "fgfsefd", "action_flag": 1, "change_message": "[{\"added\": {}}]"}}, {"model": "admin.logentry", "pk": 73, "fields": {"action_time": "2022-10-18T15:10:57.836Z", "user": 1, "content_type": 8, "object_id": "13", "object_repr": "fgfsefd", "action_flag": 3, "change_message": ""}}, {"model": "admin.logentry", "pk": 74, "fields": {"action_time": "2022-10-18T15:12:20.792Z", "user": 1, "content_type": 8, "object_id": "12", "object_repr": "Shutter Island", "action_flag": 2, "change_message": "[{\"changed\": {\"fields\": [\"Trailer\"]}}]"}}, {"model": "admin.logentry", "pk": 75, "fields": {"action_time": "2022-10-18T15:13:57.602Z", "user": 1, "content_type": 8, "object_id": "11", "object_repr": "The Departed", "action_flag": 2, "change_message": "[{\"changed\": {\"fields\": [\"Trailer\"]}}]"}}, {"model": "admin.logentry", "pk": 76, "fields": {"action_time": "2022-10-18T15:17:15.233Z", "user": 1, "content_type": 8, "object_id": "10", "object_repr": "The Matrix-1", "action_flag": 2, "change_message": "[{\"changed\": {\"fields\": [\"Trailer\", \"Actors\"]}}]"}}, {"model": "admin.logentry", "pk": 77, "fields": {"action_time": "2022-10-18T15:18:14.817Z", "user": 1, "content_type": 8, "object_id": "9", "object_repr": "Doctor Strange", "action_flag": 2, "change_message": "[{\"changed\": {\"fields\": [\"Trailer\", \"Actors\"]}}]"}}, {"model": "admin.logentry", "pk": 78, "fields": {"action_time": "2022-10-18T18:05:10.542Z", "user": 1, "content_type": 8, "object_id": "12", "object_repr": "Shutter Island", "action_flag": 2, "change_message": "[{\"changed\": {\"fields\": [\"Released\"]}}]"}}, {"model": "admin.logentry", "pk": 79, "fields": {"action_time": "2022-10-18T18:06:25.745Z", "user": 1, "content_type": 8, "object_id": "11", "object_repr": "The Departed", "action_flag": 2, "change_message": "[{\"changed\": {\"fields\": [\"Released\"]}}]"}}, {"model": "admin.logentry", "pk": 80, "fields": {"action_time": "2022-10-18T18:08:08.346Z", "user": 1, "content_type": 8, "object_id": "10", "object_repr": "The Matrix-1", "action_flag": 2, "change_message": "[{\"changed\": {\"fields\": [\"Released\"]}}]"}}, {"model": "admin.logentry", "pk": 81, "fields": {"action_time": "2022-10-18T18:09:11.296Z", "user": 1, "content_type": 8, "object_id": "9", "object_repr": "Doctor Strange", "action_flag": 2, "change_message": "[{\"changed\": {\"fields\": [\"Released\"]}}]"}}, {"model": "admin.logentry", "pk": 82, "fields": {"action_time": "2022-10-18T18:09:53.357Z", "user": 1, "content_type": 8, "object_id": "8", "object_repr": "Dune", "action_flag": 2, "change_message": "[{\"changed\": {\"fields\": [\"Released\", \"Actors\"]}}]"}}, {"model": "admin.logentry", "pk": 83, "fields": {"action_time": "2022-10-18T18:36:09.684Z", "user": 1, "content_type": 8, "object_id": "7", "object_repr": "Spider-Man", "action_flag": 2, "change_message": "[{\"changed\": {\"fields\": [\"Released\", \"Rate\", \"Producer\", \"Director\", \"Trailer\", \"Language\", \"Actors\"]}}]"}}, {"model": "admin.logentry", "pk": 84, "fields": {"action_time": "2022-10-18T18:39:15.140Z", "user": 1, "content_type": 8, "object_id": "6", "object_repr": "Black Adam", "action_flag": 2, "change_message": "[{\"changed\": {\"fields\": [\"Released\", \"Rate\", \"Producer\", \"Director\", \"Trailer\", \"Language\", \"Actors\"]}}]"}}, {"model": "admin.logentry", "pk": 85, "fields": {"action_time": "2022-10-18T18:39:35.454Z", "user": 1, "content_type": 8, "object_id": "5", "object_repr": "Turning Red", "action_flag": 3, "change_message": ""}}, {"model": "admin.logentry", "pk": 86, "fields": {"action_time": "2022-10-18T18:39:35.463Z", "user": 1, "content_type": 8, "object_id": "4", "object_repr": "K.G.F: Chapter 2", "action_flag": 3, "change_message": ""}}, {"model": "admin.logentry", "pk": 87, "fields": {"action_time": "2022-10-18T18:39:35.468Z", "user": 1, "content_type": 8, "object_id": "3", "object_repr": "The Northman", "action_flag": 3, "change_message": ""}}, {"model": "admin.logentry", "pk": 88, "fields": {"action_time": "2022-10-18T18:39:35.474Z", "user": 1, "content_type": 8, "object_id": "2", "object_repr": "Bullet Train", "action_flag": 3, "change_message": ""}}, {"model": "admin.logentry", "pk": 89, "fields": {"action_time": "2022-10-18T18:39:35.480Z", "user": 1, "content_type": 8, "object_id": "1", "object_repr": "Medieval", "action_flag": 3, "change_message": ""}}, {"model": "admin.logentry", "pk": 90, "fields": {"action_time": "2022-10-20T16:40:56.119Z", "user": 1, "content_type": 10, "object_id": "22", "object_repr": "Heath Ledger", "action_flag": 1, "change_message": "[{\"added\": {}}]"}}, {"model": "admin.logentry", "pk": 91, "fields": {"action_time": "2022-10-20T16:41:17.810Z", "user": 1, "content_type": 10, "object_id": "22", "object_repr": "Heath Ledger", "action_flag": 2, "change_message": "[]"}}, {"model": "admin.logentry", "pk": 92, "fields": {"action_time": "2022-10-20T16:54:31.587Z", "user": 1, "content_type": 10, "object_id": "22", "object_repr": "Heath Ledger", "action_flag": 3, "change_message": ""}}, {"model": "admin.logentry", "pk": 93, "fields": {"action_time": "2022-10-20T16:54:31.593Z", "user": 1, "content_type": 10, "object_id": "21", "object_repr": "mohamad", "action_flag": 3, "change_message": ""}}, {"model": "admin.logentry", "pk": 94, "fields": {"action_time": "2022-10-20T16:55:00.187Z", "user": 1, "content_type": 10, "object_id": "23", "object_repr": "Heath Ledger", "action_flag": 1, "change_message": "[{\"added\": {}}]"}}, {"model": "admin.logentry", "pk": 95, "fields": {"action_time": "2022-10-20T16:55:25.802Z", "user": 1, "content_type": 10, "object_id": "24", "object_repr": "Cillian Murphy", "action_flag": 1, "change_message": "[{\"added\": {}}]"}}, {"model": "admin.logentry", "pk": 96, "fields": {"action_time": "2022-10-20T17:02:19.744Z", "user": 1, "content_type": 10, "object_id": "25", "object_repr": "Morgan Freeman", "action_flag": 1, "change_message": "[{\"added\": {}}]"}}, {"model": "admin.logentry", "pk": 97, "fields": {"action_time": "2022-10-20T17:04:23.585Z", "user": 1, "content_type": 10, "object_id": "26", "object_repr": "Christian Bale", "action_flag": 1, "change_message": "[{\"added\": {}}]"}}, {"model": "admin.logentry", "pk": 98, "fields": {"action_time": "2022-10-20T17:07:32.100Z", "user": 1, "content_type": 10, "object_id": "27", "object_repr": "Tim Robbins", "action_flag": 1, "change_message": "[{\"added\": {}}]"}}, {"model": "admin.logentry", "pk": 99, "fields": {"action_time": "2022-10-20T17:13:20.533Z", "user": 1, "content_type": 8, "object_id": "13", "object_repr": "The Shawshank Redemption", "action_flag": 1, "change_message": "[{\"added\": {}}]"}}, {"model": "admin.logentry", "pk": 100, "fields": {"action_time": "2022-10-20T17:17:25.087Z", "user": 1, "content_type": 8, "object_id": "14", "object_repr": "Batman Begins", "action_flag": 1, "change_message": "[{\"added\": {}}]"}}, {"model": "admin.logentry", "pk": 101, "fields": {"action_time": "2022-10-20T17:21:57.246Z", "user": 1, "content_type": 8, "object_id": "15", "object_repr": "Inception", "action_flag": 1, "change_message": "[{\"added\": {}}]"}}, {"model": "admin.logentry", "pk": 102, "fields": {"action_time": "2022-10-20T17:26:27.998Z", "user": 1, "content_type": 8, "object_id": "16", "object_repr": "Lucy", "action_flag": 1, "change_message": "[{\"added\": {}}]"}}, {"model": "admin.logentry", "pk": 103, "fields": {"action_time": "2022-10-20T17:56:44.163Z", "user": 1, "content_type": 8, "object_id": "16", "object_repr": "Lucy", "action_flag": 2, "change_message": "[]"}}, {"model": "admin.logentry", "pk": 104, "fields": {"action_time": "2022-10-20T18:01:01.863Z", "user": 1, "content_type": 8, "object_id": "17", "object_repr": "Mr. & Mrs. Smith", "action_flag": 1, "change_message": "[{\"added\": {}}]"}}, {"model": "admin.logentry", "pk": 105, "fields": {"action_time": "2022-10-20T18:04:49.614Z", "user": 1, "content_type": 8, "object_id": "18", "object_repr": "Se7en", "action_flag": 1, "change_message": "[{\"added\": {}}]"}}, {"model": "admin.logentry", "pk": 106, "fields": {"action_time": "2022-10-20T18:09:13.500Z", "user": 1, "content_type": 8, "object_id": "19", "object_repr": "Fight Club", "action_flag": 1, "change_message": "[{\"added\": {}}]"}}, {"model": "admin.logentry", "pk": 107, "fields": {"action_time": "2022-10-20T18:10:07.022Z", "user": 1, "content_type": 8, "object_id": "18", "object_repr": "Se7en", "action_flag": 2, "change_message": "[{\"changed\": {\"fields\": [\"Actors\"]}}]"}}, {"model": "admin.logentry", "pk": 108, "fields": {"action_time": "2022-10-20T18:12:06.590Z", "user": 1, "content_type": 10, "object_id": "27", "object_repr": "Tim Robbins", "action_flag": 2, "change_message": "[{\"changed\": {\"fields\": [\"Movies\"]}}]"}}, {"model": "admin.logentry", "pk": 109, "fields": {"action_time": "2022-10-20T18:15:26.888Z", "user": 1, "content_type": 8, "object_id": "20", "object_repr": "The Dark Knight", "action_flag": 1, "change_message": "[{\"added\": {}}]"}}, {"model": "admin.logentry", "pk": 110, "fields": {"action_time": "2022-10-20T18:15:43.899Z", "user": 1, "content_type": 10, "object_id": "26", "object_repr": "Christian Bale", "action_flag": 2, "change_message": "[{\"changed\": {\"fields\": [\"Movies\"]}}]"}}, {"model": "admin.logentry", "pk": 111, "fields": {"action_time": "2022-10-20T18:20:24.010Z", "user": 1, "content_type": 8, "object_id": "21", "object_repr": "Now You See Me", "action_flag": 1, "change_message": "[{\"added\": {}}]"}}, {"model": "admin.logentry", "pk": 112, "fields": {"action_time": "2022-10-20T18:22:00.531Z", "user": 1, "content_type": 10, "object_id": "25", "object_repr": "Morgan Freeman", "action_flag": 2, "change_message": "[{\"changed\": {\"fields\": [\"Movies\"]}}]"}}, {"model": "admin.logentry", "pk": 113, "fields": {"action_time": "2022-10-20T18:22:38.791Z", "user": 1, "content_type": 10, "object_id": "24", "object_repr": "Cillian Murphy", "action_flag": 2, "change_message": "[{\"changed\": {\"fields\": [\"Movies\"]}}]"}}, {"model": "admin.logentry", "pk": 114, "fields": {"action_time": "2022-10-20T18:22:45.755Z", "user": 1, "content_type": 10, "object_id": "23", "object_repr": "Heath Ledger", "action_flag": 2, "change_message": "[{\"changed\": {\"fields\": [\"Movies\"]}}]"}}, {"model": "admin.logentry", "pk": 115, "fields": {"action_time": "2022-10-20T18:23:39.560Z", "user": 1, "content_type": 10, "object_id": "15", "object_repr": "Mark Ruffalo", "action_flag": 2, "change_message": "[{\"changed\": {\"fields\": [\"Movies\"]}}]"}}, {"model": "admin.logentry", "pk": 116, "fields": {"action_time": "2022-10-20T18:24:26.772Z", "user": 1, "content_type": 10, "object_id": "14", "object_repr": "Matt Damon", "action_flag": 2, "change_message": "[]"}}, {"model": "admin.logentry", "pk": 117, "fields": {"action_time": "2022-10-20T18:24:54.505Z", "user": 1, "content_type": 10, "object_id": "7", "object_repr": "Angelina Jolie", "action_flag": 2, "change_message": "[{\"changed\": {\"fields\": [\"Movies\"]}}]"}}, {"model": "admin.logentry", "pk": 118, "fields": {"action_time": "2022-10-20T18:25:42.880Z", "user": 1, "content_type": 10, "object_id": "5", "object_repr": "Brad Pitt", "action_flag": 2, "change_message": "[{\"changed\": {\"fields\": [\"Movies\"]}}]"}}, {"model": "admin.logentry", "pk": 119, "fields": {"action_time": "2022-10-20T18:26:04.073Z", "user": 1, "content_type": 10, "object_id": "4", "object_repr": "Leonardo DiCaprio", "action_flag": 2, "change_message": "[{\"changed\": {\"fields\": [\"Movies\"]}}]"}}, {"model": "admin.logentry", "pk": 120, "fields": {"action_time": "2022-10-20T18:26:27.802Z", "user": 1, "content_type": 10, "object_id": "2", "object_repr": "Keanu Reeves", "action_flag": 2, "change_message": "[{\"changed\": {\"fields\": [\"Movies\"]}}]"}}, {"model": "admin.logentry", "pk": 121, "fields": {"action_time": "2022-10-20T18:27:15.459Z", "user": 1, "content_type": 10, "object_id": "9", "object_repr": "Scarlett Johansson", "action_flag": 2, "change_message": "[{\"changed\": {\"fields\": [\"Movies\"]}}]"}}, {"model": "admin.logentry", "pk": 122, "fields": {"action_time": "2022-10-20T18:28:02.374Z", "user": 1, "content_type": 8, "object_id": "21", "object_repr": "Now You See Me", "action_flag": 2, "change_message": "[{\"changed\": {\"fields\": [\"Actors\"]}}]"}}, {"model": "admin.logentry", "pk": 123, "fields": {"action_time": "2022-10-20T18:29:29.313Z", "user": 1, "content_type": 8, "object_id": "20", "object_repr": "The Dark Knight", "action_flag": 2, "change_message": "[{\"changed\": {\"fields\": [\"Actors\"]}}]"}}, {"model": "admin.logentry", "pk": 124, "fields": {"action_time": "2022-10-21T10:48:03.715Z", "user": 1, "content_type": 10, "object_id": "1", "object_repr": "Jason Statham", "action_flag": 2, "change_message": "[]"}}, {"model": "admin.logentry", "pk": 125, "fields": {"action_time": "2022-10-21T10:48:06.803Z", "user": 1, "content_type": 10, "object_id": "2", "object_repr": "Keanu Reeves", "action_flag": 2, "change_message": "[]"}}, {"model": "admin.logentry", "pk": 126, "fields": {"action_time": "2022-10-21T10:48:09.959Z", "user": 1, "content_type": 10, "object_id": "3", "object_repr": "Carrie-Anne Moss", "action_flag": 2, "change_message": "[]"}}, {"model": "admin.logentry", "pk": 127, "fields": {"action_time": "2022-10-21T10:48:13.055Z", "user": 1, "content_type": 10, "object_id": "4", "object_repr": "Leonardo DiCaprio", "action_flag": 2, "change_message": "[]"}}, {"model": "admin.logentry", "pk": 128, "fields": {"action_time": "2022-10-21T10:48:16.225Z", "user": 1, "content_type": 10, "object_id": "5", "object_repr": "Brad Pitt", "action_flag": 2, "change_message": "[]"}}, {"model": "admin.logentry", "pk": 129, "fields": {"action_time": "2022-10-21T10:48:20.242Z", "user": 1, "content_type": 10, "object_id": "6", "object_repr": "Al Pacino", "action_flag": 2, "change_message": "[]"}}, {"model": "admin.logentry", "pk": 130, "fields": {"action_time": "2022-10-21T10:48:23.490Z", "user": 1, "content_type": 10, "object_id": "6", "object_repr": "Al Pacino", "action_flag": 2, "change_message": "[]"}}, {"model": "admin.logentry", "pk": 131, "fields": {"action_time": "2022-10-21T10:48:26.665Z", "user": 1, "content_type": 10, "object_id": "5", "object_repr": "Brad Pitt", "action_flag": 2, "change_message": "[]"}}, {"model": "admin.logentry", "pk": 132, "fields": {"action_time": "2022-10-21T10:48:29.770Z", "user": 1, "content_type": 10, "object_id": "7", "object_repr": "Angelina Jolie", "action_flag": 2, "change_message": "[]"}}, {"model": "admin.logentry", "pk": 133, "fields": {"action_time": "2022-10-21T10:48:33.533Z", "user": 1, "content_type": 10, "object_id": "8", "object_repr": "Emilia Clarke", "action_flag": 2, "change_message": "[]"}}, {"model": "admin.logentry", "pk": 134, "fields": {"action_time": "2022-10-21T10:48:38.120Z", "user": 1, "content_type": 10, "object_id": "9", "object_repr": "Scarlett Johansson", "action_flag": 2, "change_message": "[]"}}, {"model": "admin.logentry", "pk": 135, "fields": {"action_time": "2022-10-21T10:48:43.036Z", "user": 1, "content_type": 10, "object_id": "10", "object_repr": "Marlon Brando", "action_flag": 2, "change_message": "[]"}}, {"model": "admin.logentry", "pk": 136, "fields": {"action_time": "2022-10-21T10:48:47.309Z", "user": 1, "content_type": 10, "object_id": "11", "object_repr": "Tom Hanks", "action_flag": 2, "change_message": "[]"}}, {"model": "admin.logentry", "pk": 137, "fields": {"action_time": "2022-10-21T10:48:50.571Z", "user": 1, "content_type": 10, "object_id": "12", "object_repr": "Jean Reno", "action_flag": 2, "change_message": "[]"}}, {"model": "admin.logentry", "pk": 138, "fields": {"action_time": "2022-10-21T10:48:55.632Z", "user": 1, "content_type": 10, "object_id": "13", "object_repr": "Natalie Portman", "action_flag": 2, "change_message": "[]"}}, {"model": "admin.logentry", "pk": 139, "fields": {"action_time": "2022-10-21T10:48:58.611Z", "user": 1, "content_type": 10, "object_id": "14", "object_repr": "Matt Damon", "action_flag": 2, "change_message": "[]"}}, {"model": "admin.logentry", "pk": 140, "fields": {"action_time": "2022-10-21T10:49:04.358Z", "user": 1, "content_type": 10, "object_id": "14", "object_repr": "Matt Damon", "action_flag": 2, "change_message": "[]"}}, {"model": "admin.logentry", "pk": 141, "fields": {"action_time": "2022-10-21T10:49:09.281Z", "user": 1, "content_type": 10, "object_id": "15", "object_repr": "Mark Ruffalo", "action_flag": 2, "change_message": "[]"}}, {"model": "admin.logentry", "pk": 142, "fields": {"action_time": "2022-10-21T10:49:17.703Z", "user": 1, "content_type": 10, "object_id": "16", "object_repr": "Kit Harington", "action_flag": 2, "change_message": "[]"}}, {"model": "admin.logentry", "pk": 143, "fields": {"action_time": "2022-10-21T10:49:24.025Z", "user": 1, "content_type": 10, "object_id": "17", "object_repr": "Sophie Turner", "action_flag": 2, "change_message": "[]"}}, {"model": "admin.logentry", "pk": 144, "fields": {"action_time": "2022-10-21T10:49:28.888Z", "user": 1, "content_type": 10, "object_id": "18", "object_repr": "Lena Headey", "action_flag": 2, "change_message": "[]"}}, {"model": "admin.logentry", "pk": 145, "fields": {"action_time": "2022-10-21T10:49:31.882Z", "user": 1, "content_type": 10, "object_id": "20", "object_repr": "Jason Momoa", "action_flag": 2, "change_message": "[]"}}, {"model": "admin.logentry", "pk": 146, "fields": {"action_time": "2022-10-21T10:49:34.310Z", "user": 1, "content_type": 10, "object_id": "23", "object_repr": "Heath Ledger", "action_flag": 2, "change_message": "[]"}}, {"model": "admin.logentry", "pk": 147, "fields": {"action_time": "2022-10-21T10:49:36.730Z", "user": 1, "content_type": 10, "object_id": "24", "object_repr": "Cillian Murphy", "action_flag": 2, "change_message": "[]"}}, {"model": "admin.logentry", "pk": 148, "fields": {"action_time": "2022-10-21T10:49:40.084Z", "user": 1, "content_type": 10, "object_id": "25", "object_repr": "Morgan Freeman", "action_flag": 2, "change_message": "[]"}}, {"model": "admin.logentry", "pk": 149, "fields": {"action_time": "2022-10-21T10:49:43.507Z", "user": 1, "content_type": 10, "object_id": "26", "object_repr": "Christian Bale", "action_flag": 2, "change_message": "[]"}}, {"model": "admin.logentry", "pk": 150, "fields": {"action_time": "2022-10-21T10:49:45.922Z", "user": 1, "content_type": 10, "object_id": "27", "object_repr": "Tim Robbins", "action_flag": 2, "change_message": "[]"}}, {"model": "admin.logentry", "pk": 151, "fields": {"action_time": "2022-10-21T10:49:48.457Z", "user": 1, "content_type": 10, "object_id": "26", "object_repr": "Christian Bale", "action_flag": 2, "change_message": "[]"}}, {"model": "admin.logentry", "pk": 152, "fields": {"action_time": "2022-10-21T10:49:50.837Z", "user": 1, "content_type": 10, "object_id": "25", "object_repr": "Morgan Freeman", "action_flag": 2, "change_message": "[]"}}, {"model": "admin.logentry", "pk": 153, "fields": {"action_time": "2022-10-21T16:30:46.003Z", "user": 1, "content_type": 7, "object_id": "1", "object_repr": "Documentary", "action_flag": 2, "change_message": "[]"}}, {"model": "admin.logentry", "pk": 154, "fields": {"action_time": "2022-10-21T16:30:48.148Z", "user": 1, "content_type": 7, "object_id": "2", "object_repr": "Action", "action_flag": 2, "change_message": "[]"}}, {"model": "admin.logentry", "pk": 155, "fields": {"action_time": "2022-10-21T16:30:50.205Z", "user": 1, "content_type": 7, "object_id": "3", "object_repr": "Adventure", "action_flag": 2, "change_message": "[]"}}, {"model": "admin.logentry", "pk": 156, "fields": {"action_time": "2022-10-21T16:30:52.578Z", "user": 1, "content_type": 7, "object_id": "4", "object_repr": "Comedy", "action_flag": 2, "change_message": "[]"}}, {"model": "admin.logentry", "pk": 157, "fields": {"action_time": "2022-10-21T16:30:54.860Z", "user": 1, "content_type": 7, "object_id": "5", "object_repr": "Drama", "action_flag": 2, "change_message": "[]"}}, {"model": "admin.logentry", "pk": 158, "fields": {"action_time": "2022-10-21T16:30:58.151Z", "user": 1, "content_type": 7, "object_id": "6", "object_repr": "Horror", "action_flag": 2, "change_message": "[]"}}, {"model": "admin.logentry", "pk": 159, "fields": {"action_time": "2022-10-21T16:31:00.850Z", "user": 1, "content_type": 7, "object_id": "7", "object_repr": "Romance", "action_flag": 2, "change_message": "[]"}}, {"model": "admin.logentry", "pk": 160, "fields": {"action_time": "2022-10-21T16:31:03.384Z", "user": 1, "content_type": 7, "object_id": "8", "object_repr": "Science fiction", "action_flag": 2, "change_message": "[]"}}, {"model": "admin.logentry", "pk": 161, "fields": {"action_time": "2022-10-21T16:31:06.360Z", "user": 1, "content_type": 7, "object_id": "9", "object_repr": "Fantasy", "action_flag": 2, "change_message": "[]"}}, {"model": "admin.logentry", "pk": 162, "fields": {"action_time": "2022-10-21T16:31:09.104Z", "user": 1, "content_type": 7, "object_id": "10", "object_repr": "Historical", "action_flag": 2, "change_message": "[]"}}, {"model": "admin.logentry", "pk": 163, "fields": {"action_time": "2022-10-21T16:31:11.911Z", "user": 1, "content_type": 7, "object_id": "9", "object_repr": "Fantasy", "action_flag": 2, "change_message": "[]"}}, {"model": "admin.logentry", "pk": 164, "fields": {"action_time": "2022-10-21T16:31:14.329Z", "user": 1, "content_type": 7, "object_id": "10", "object_repr": "Historical", "action_flag": 2, "change_message": "[]"}}, {"model": "admin.logentry", "pk": 165, "fields": {"action_time": "2022-10-21T16:31:16.949Z", "user": 1, "content_type": 7, "object_id": "11", "object_repr": "Crime", "action_flag": 2, "change_message": "[]"}}, {"model": "admin.logentry", "pk": 166, "fields": {"action_time": "2022-10-21T16:31:19.091Z", "user": 1, "content_type": 7, "object_id": "12", "object_repr": "Thriller", "action_flag": 2, "change_message": "[]"}}, {"model": "admin.logentry", "pk": 167, "fields": {"action_time": "2022-10-21T16:31:21.678Z", "user": 1, "content_type": 7, "object_id": "13", "object_repr": "Mystery", "action_flag": 2, "change_message": "[]"}}, {"model": "admin.logentry", "pk": 168, "fields": {"action_time": "2022-10-22T17:57:39.666Z", "user": 1, "content_type": 11, "object_id": "1", "object_repr": "Game of Thrones", "action_flag": 3, "change_message": ""}}, {"model": "admin.logentry", "pk": 169, "fields": {"action_time": "2022-10-28T12:48:16.775Z", "user": 1, "content_type": 10, "object_id": "28", "object_repr": "Bryan Cranston", "action_flag": 1, "change_message": "[{\"added\": {}}]"}}, {"model": "admin.logentry", "pk": 170, "fields": {"action_time": "2022-10-28T12:49:29.500Z", "user": 1, "content_type": 10, "object_id": "29", "object_repr": "Dean Norris", "action_flag": 1, "change_message": "[{\"added\": {}}]"}}, {"model": "admin.logentry", "pk": 171, "fields": {"action_time": "2022-10-28T12:51:22.336Z", "user": 1, "content_type": 10, "object_id": "30", "object_repr": "Aaron Paul", "action_flag": 1, "change_message": "[{\"added\": {}}]"}}, {"model": "admin.logentry", "pk": 172, "fields": {"action_time": "2022-10-28T12:53:19.041Z", "user": 1, "content_type": 10, "object_id": "31", "object_repr": "Bob Odenkirk", "action_flag": 1, "change_message": "[{\"added\": {}}]"}}, {"model": "admin.logentry", "pk": 173, "fields": {"action_time": "2022-10-28T12:54:51.932Z", "user": 1, "content_type": 10, "object_id": "32", "object_repr": "Benedict Cumberbatch", "action_flag": 1, "change_message": "[{\"added\": {}}]"}}, {"model": "admin.logentry", "pk": 174, "fields": {"action_time": "2022-10-28T12:55:57.135Z", "user": 1, "content_type": 10, "object_id": "33", "object_repr": "Martin Freeman", "action_flag": 1, "change_message": "[{\"added\": {}}]"}}, {"model": "admin.logentry", "pk": 175, "fields": {"action_time": "2022-10-28T12:57:53.061Z", "user": 1, "content_type": 10, "object_id": "34", "object_repr": "Matthew McConaughey", "action_flag": 1, "change_message": "[{\"added\": {}}]"}}, {"model": "admin.logentry", "pk": 176, "fields": {"action_time": "2022-10-28T12:58:43.786Z", "user": 1, "content_type": 10, "object_id": "35", "object_repr": "Woody Harrelson", "action_flag": 1, "change_message": "[{\"added\": {}}]"}}, {"model": "admin.logentry", "pk": 177, "fields": {"action_time": "2022-10-28T12:59:25.713Z", "user": 1, "content_type": 8, "object_id": "21", "object_repr": "Now You See Me", "action_flag": 2, "change_message": "[{\"changed\": {\"fields\": [\"Actors\"]}}]"}}, {"model": "admin.logentry", "pk": 178, "fields": {"action_time": "2022-10-28T13:00:46.516Z", "user": 1, "content_type": 10, "object_id": "36", "object_repr": "Michael C. Hall", "action_flag": 1, "change_message": "[{\"added\": {}}]"}}, {"model": "admin.logentry", "pk": 179, "fields": {"action_time": "2022-10-28T13:01:46.779Z", "user": 1, "content_type": 10, "object_id": "37", "object_repr": "Jennifer Carpenter", "action_flag": 1, "change_message": "[{\"added\": {}}]"}}, {"model": "admin.logentry", "pk": 180, "fields": {"action_time": "2022-10-28T13:02:40.134Z", "user": 1, "content_type": 10, "object_id": "38", "object_repr": "C. S. Lee", "action_flag": 1, "change_message": "[{\"added\": {}}]"}}, {"model": "admin.logentry", "pk": 181, "fields": {"action_time": "2022-10-28T13:06:03.857Z", "user": 1, "content_type": 11, "object_id": "2", "object_repr": "Sherlock", "action_flag": 1, "change_message": "[{\"added\": {}}]"}}, {"model": "admin.logentry", "pk": 182, "fields": {"action_time": "2022-10-28T13:08:19.894Z", "user": 1, "content_type": 11, "object_id": "3", "object_repr": "Dexter", "action_flag": 1, "change_message": "[{\"added\": {}}]"}}, {"model": "admin.logentry", "pk": 183, "fields": {"action_time": "2022-10-28T13:11:27.317Z", "user": 1, "content_type": 11, "object_id": "4", "object_repr": "True Detective", "action_flag": 1, "change_message": "[{\"added\": {}}]"}}, {"model": "admin.logentry", "pk": 184, "fields": {"action_time": "2022-10-28T13:13:56.293Z", "user": 1, "content_type": 11, "object_id": "5", "object_repr": "Breaking Bad", "action_flag": 1, "change_message": "[{\"added\": {}}]"}}, {"model": "admin.logentry", "pk": 185, "fields": {"action_time": "2022-10-28T13:16:35.313Z", "user": 1, "content_type": 11, "object_id": "6", "object_repr": "Better Call Saul", "action_flag": 1, "change_message": "[{\"added\": {}}]"}}, {"model": "admin.logentry", "pk": 186, "fields": {"action_time": "2022-10-28T13:18:57.095Z", "user": 1, "content_type": 11, "object_id": "7", "object_repr": "Game of Thrones", "action_flag": 1, "change_message": "[{\"added\": {}}]"}}, {"model": "admin.logentry", "pk": 187, "fields": {"action_time": "2022-10-28T13:22:35.710Z", "user": 1, "content_type": 12, "object_id": "1", "object_repr": "First Season", "action_flag": 1, "change_message": "[{\"added\": {}}]"}}, {"model": "admin.logentry", "pk": 188, "fields": {"action_time": "2022-10-28T13:23:28.963Z", "user": 1, "content_type": 12, "object_id": "2", "object_repr": "Second Season", "action_flag": 1, "change_message": "[{\"added\": {}}]"}}, {"model": "admin.logentry", "pk": 189, "fields": {"action_time": "2022-10-28T13:24:51.318Z", "user": 1, "content_type": 12, "object_id": "3", "object_repr": "Third Season", "action_flag": 1, "change_message": "[{\"added\": {}}]"}}, {"model": "admin.logentry", "pk": 190, "fields": {"action_time": "2022-10-28T13:25:49.223Z", "user": 1, "content_type": 12, "object_id": "4", "object_repr": "Fourth Season", "action_flag": 1, "change_message": "[{\"added\": {}}]"}}, {"model": "admin.logentry", "pk": 191, "fields": {"action_time": "2022-10-28T13:27:03.522Z", "user": 1, "content_type": 12, "object_id": "5", "object_repr": "Fifth Season", "action_flag": 1, "change_message": "[{\"added\": {}}]"}}, {"model": "admin.logentry", "pk": 192, "fields": {"action_time": "2022-10-28T13:28:58.497Z", "user": 1, "content_type": 12, "object_id": "6", "object_repr": "Sixth Season", "action_flag": 1, "change_message": "[{\"added\": {}}]"}}, {"model": "admin.logentry", "pk": 193, "fields": {"action_time": "2022-10-28T13:30:26.800Z", "user": 1, "content_type": 12, "object_id": "7", "object_repr": "Seventh Season", "action_flag": 1, "change_message": "[{\"added\": {}}]"}}, {"model": "admin.logentry", "pk": 194, "fields": {"action_time": "2022-10-28T13:32:01.903Z", "user": 1, "content_type": 12, "object_id": "8", "object_repr": "Eighth Season", "action_flag": 1, "change_message": "[{\"added\": {}}]"}}, {"model": "admin.logentry", "pk": 195, "fields": {"action_time": "2022-10-28T13:34:18.239Z", "user": 1, "content_type": 12, "object_id": "9", "object_repr": "First Season", "action_flag": 1, "change_message": "[{\"added\": {}}]"}}, {"model": "admin.logentry", "pk": 196, "fields": {"action_time": "2022-10-28T13:35:25.553Z", "user": 1, "content_type": 12, "object_id": "10", "object_repr": "Second Season", "action_flag": 1, "change_message": "[{\"added\": {}}]"}}, {"model": "admin.logentry", "pk": 197, "fields": {"action_time": "2022-10-28T13:36:39.605Z", "user": 1, "content_type": 12, "object_id": "11", "object_repr": "Third Season", "action_flag": 1, "change_message": "[{\"added\": {}}]"}}, {"model": "admin.logentry", "pk": 198, "fields": {"action_time": "2022-10-28T13:38:12.325Z", "user": 1, "content_type": 12, "object_id": "12", "object_repr": "Fourth Season", "action_flag": 1, "change_message": "[{\"added\": {}}]"}}, {"model": "admin.logentry", "pk": 199, "fields": {"action_time": "2022-10-28T13:40:09.865Z", "user": 1, "content_type": 13, "object_id": "1", "object_repr": "Winter Is Coming", "action_flag": 1, "change_message": "[{\"added\": {}}]"}}, {"model": "admin.logentry", "pk": 200, "fields": {"action_time": "2022-10-28T13:43:36.721Z", "user": 1, "content_type": 12, "object_id": "1", "object_repr": "First Season Game of Thrones", "action_flag": 2, "change_message": "[{\"changed\": {\"fields\": [\"Series\"]}}]"}}, {"model": "admin.logentry", "pk": 201, "fields": {"action_time": "2022-10-28T13:43:41.400Z", "user": 1, "content_type": 12, "object_id": "2", "object_repr": "Second Season Game of Thrones", "action_flag": 2, "change_message": "[{\"changed\": {\"fields\": [\"Series\"]}}]"}}, {"model": "admin.logentry", "pk": 202, "fields": {"action_time": "2022-10-28T13:43:48.100Z", "user": 1, "content_type": 12, "object_id": "3", "object_repr": "Third Season Game of Thrones", "action_flag": 2, "change_message": "[{\"changed\": {\"fields\": [\"Series\"]}}]"}}, {"model": "admin.logentry", "pk": 203, "fields": {"action_time": "2022-10-28T13:43:53.097Z", "user": 1, "content_type": 12, "object_id": "4", "object_repr": "Fourth Season Game of Thrones", "action_flag": 2, "change_message": "[{\"changed\": {\"fields\": [\"Series\"]}}]"}}, {"model": "admin.logentry", "pk": 204, "fields": {"action_time": "2022-10-28T13:43:57.835Z", "user": 1, "content_type": 12, "object_id": "5", "object_repr": "Fifth Season Game of Thrones", "action_flag": 2, "change_message": "[{\"changed\": {\"fields\": [\"Series\"]}}]"}}, {"model": "admin.logentry", "pk": 205, "fields": {"action_time": "2022-10-28T13:44:01.777Z", "user": 1, "content_type": 12, "object_id": "6", "object_repr": "Sixth Season Game of Thrones", "action_flag": 2, "change_message": "[{\"changed\": {\"fields\": [\"Series\"]}}]"}}, {"model": "admin.logentry", "pk": 206, "fields": {"action_time": "2022-10-28T13:44:07.931Z", "user": 1, "content_type": 12, "object_id": "7", "object_repr": "Seventh Season Game of Thrones", "action_flag": 2, "change_message": "[{\"changed\": {\"fields\": [\"Series\"]}}]"}}, {"model": "admin.logentry", "pk": 207, "fields": {"action_time": "2022-10-28T13:44:13.808Z", "user": 1, "content_type": 12, "object_id": "8", "object_repr": "Eighth Season Game of Thrones", "action_flag": 2, "change_message": "[{\"changed\": {\"fields\": [\"Series\"]}}]"}}, {"model": "admin.logentry", "pk": 208, "fields": {"action_time": "2022-10-28T13:44:18.251Z", "user": 1, "content_type": 12, "object_id": "9", "object_repr": "First Season Sherlock", "action_flag": 2, "change_message": "[{\"changed\": {\"fields\": [\"Series\"]}}]"}}, {"model": "admin.logentry", "pk": 209, "fields": {"action_time": "2022-10-28T13:44:22.178Z", "user": 1, "content_type": 12, "object_id": "10", "object_repr": "Second Season Dexter", "action_flag": 2, "change_message": "[{\"changed\": {\"fields\": [\"Series\"]}}]"}}, {"model": "admin.logentry", "pk": 210, "fields": {"action_time": "2022-10-28T13:44:26.834Z", "user": 1, "content_type": 12, "object_id": "10", "object_repr": "Second Season Sherlock", "action_flag": 2, "change_message": "[{\"changed\": {\"fields\": [\"Series\"]}}]"}}, {"model": "admin.logentry", "pk": 211, "fields": {"action_time": "2022-10-28T13:44:30.559Z", "user": 1, "content_type": 12, "object_id": "11", "object_repr": "Third Season Sherlock", "action_flag": 2, "change_message": "[{\"changed\": {\"fields\": [\"Series\"]}}]"}}, {"model": "admin.logentry", "pk": 212, "fields": {"action_time": "2022-10-28T13:44:35.140Z", "user": 1, "content_type": 12, "object_id": "12", "object_repr": "Fourth Season Sherlock", "action_flag": 2, "change_message": "[{\"changed\": {\"fields\": [\"Series\"]}}]"}}, {"model": "admin.logentry", "pk": 213, "fields": {"action_time": "2022-10-28T13:45:22.802Z", "user": 1, "content_type": 13, "object_id": "1", "object_repr": "Winter Is Coming", "action_flag": 2, "change_message": "[]"}}, {"model": "admin.logentry", "pk": 214, "fields": {"action_time": "2022-10-28T13:45:54.776Z", "user": 1, "content_type": 13, "object_id": "2", "object_repr": "The Kingsroad", "action_flag": 1, "change_message": "[{\"added\": {}}]"}}, {"model": "admin.logentry", "pk": 215, "fields": {"action_time": "2022-10-28T13:46:15.883Z", "user": 1, "content_type": 13, "object_id": "3", "object_repr": "Lord Snow", "action_flag": 1, "change_message": "[{\"added\": {}}]"}}, {"model": "admin.logentry", "pk": 216, "fields": {"action_time": "2022-10-28T13:46:33.440Z", "user": 1, "content_type": 13, "object_id": "4", "object_repr": "Cripples, Bastards, and Broken Things", "action_flag": 1, "change_message": "[{\"added\": {}}]"}}, {"model": "admin.logentry", "pk": 217, "fields": {"action_time": "2022-10-28T13:47:00.668Z", "user": 1, "content_type": 13, "object_id": "5", "object_repr": "The Wolf and the Lion", "action_flag": 1, "change_message": "[{\"added\": {}}]"}}, {"model": "admin.logentry", "pk": 218, "fields": {"action_time": "2022-10-28T13:48:22.248Z", "user": 1, "content_type": 13, "object_id": "6", "object_repr": "A Golden Crown", "action_flag": 1, "change_message": "[{\"added\": {}}]"}}, {"model": "admin.logentry", "pk": 219, "fields": {"action_time": "2022-10-28T13:48:42.513Z", "user": 1, "content_type": 13, "object_id": "7", "object_repr": "You Win or You Die", "action_flag": 1, "change_message": "[{\"added\": {}}]"}}, {"model": "admin.logentry", "pk": 220, "fields": {"action_time": "2022-10-28T13:48:58.833Z", "user": 1, "content_type": 13, "object_id": "8", "object_repr": "The Pointy End", "action_flag": 1, "change_message": "[{\"added\": {}}]"}}, {"model": "admin.logentry", "pk": 221, "fields": {"action_time": "2022-10-28T13:49:19.535Z", "user": 1, "content_type": 13, "object_id": "9", "object_repr": "Baelor", "action_flag": 1, "change_message": "[{\"added\": {}}]"}}, {"model": "admin.logentry", "pk": 222, "fields": {"action_time": "2022-10-28T13:49:38.564Z", "user": 1, "content_type": 13, "object_id": "10", "object_repr": "Fire and Blood", "action_flag": 1, "change_message": "[{\"added\": {}}]"}}, {"model": "admin.logentry", "pk": 223, "fields": {"action_time": "2022-10-28T13:50:25.151Z", "user": 1, "content_type": 13, "object_id": "11", "object_repr": "Unaired Pilot", "action_flag": 1, "change_message": "[{\"added\": {}}]"}}, {"model": "admin.logentry", "pk": 224, "fields": {"action_time": "2022-10-28T13:50:44.224Z", "user": 1, "content_type": 13, "object_id": "12", "object_repr": "A Study in Pink", "action_flag": 1, "change_message": "[{\"added\": {}}]"}}, {"model": "admin.logentry", "pk": 225, "fields": {"action_time": "2022-10-28T13:51:06.405Z", "user": 1, "content_type": 13, "object_id": "13", "object_repr": "The Blind Banker", "action_flag": 1, "change_message": "[{\"added\": {}}]"}}, {"model": "admin.logentry", "pk": 226, "fields": {"action_time": "2022-10-28T13:51:25.415Z", "user": 1, "content_type": 13, "object_id": "14", "object_repr": "The Great Game", "action_flag": 1, "change_message": "[{\"added\": {}}]"}}, {"model": "admin.logentry", "pk": 227, "fields": {"action_time": "2022-10-28T14:03:01.098Z", "user": 1, "content_type": 12, "object_id": "12", "object_repr": "Sherlock Sherlock Fourth Season", "action_flag": 2, "change_message": "[{\"changed\": {\"fields\": [\"Name\"]}}]"}}, {"model": "admin.logentry", "pk": 228, "fields": {"action_time": "2022-10-28T14:03:07.952Z", "user": 1, "content_type": 12, "object_id": "11", "object_repr": "Sherlock Sherlock  Third Season", "action_flag": 2, "change_message": "[{\"changed\": {\"fields\": [\"Name\"]}}]"}}, {"model": "admin.logentry", "pk": 229, "fields": {"action_time": "2022-10-28T14:03:12.193Z", "user": 1, "content_type": 12, "object_id": "10", "object_repr": "Sherlock Sherlock  Second Season", "action_flag": 2, "change_message": "[{\"changed\": {\"fields\": [\"Name\"]}}]"}}, {"model": "admin.logentry", "pk": 230, "fields": {"action_time": "2022-10-28T14:03:16.879Z", "user": 1, "content_type": 12, "object_id": "9", "object_repr": "Sherlock Sherlock  First Season", "action_flag": 2, "change_message": "[{\"changed\": {\"fields\": [\"Name\"]}}]"}}, {"model": "admin.logentry", "pk": 231, "fields": {"action_time": "2022-10-28T14:03:58.321Z", "user": 1, "content_type": 12, "object_id": "8", "object_repr": "GOT Eighth Season", "action_flag": 2, "change_message": "[{\"changed\": {\"fields\": [\"Name\"]}}]"}}, {"model": "admin.logentry", "pk": 232, "fields": {"action_time": "2022-10-28T14:04:02.817Z", "user": 1, "content_type": 12, "object_id": "7", "object_repr": "GOT Seventh Season", "action_flag": 2, "change_message": "[{\"changed\": {\"fields\": [\"Name\"]}}]"}}, {"model": "admin.logentry", "pk": 233, "fields": {"action_time": "2022-10-28T14:04:07.716Z", "user": 1, "content_type": 12, "object_id": "6", "object_repr": "GOT Sixth Season", "action_flag": 2, "change_message": "[{\"changed\": {\"fields\": [\"Name\"]}}]"}}, {"model": "admin.logentry", "pk": 234, "fields": {"action_time": "2022-10-28T14:04:11.509Z", "user": 1, "content_type": 12, "object_id": "5", "object_repr": "GOT Fifth Season", "action_flag": 2, "change_message": "[{\"changed\": {\"fields\": [\"Name\"]}}]"}}, {"model": "admin.logentry", "pk": 235, "fields": {"action_time": "2022-10-28T14:04:14.892Z", "user": 1, "content_type": 12, "object_id": "4", "object_repr": "GOT Fourth Season", "action_flag": 2, "change_message": "[{\"changed\": {\"fields\": [\"Name\"]}}]"}}, {"model": "admin.logentry", "pk": 236, "fields": {"action_time": "2022-10-28T14:04:18.320Z", "user": 1, "content_type": 12, "object_id": "3", "object_repr": "GOT Third Season", "action_flag": 2, "change_message": "[{\"changed\": {\"fields\": [\"Name\"]}}]"}}, {"model": "admin.logentry", "pk": 237, "fields": {"action_time": "2022-10-28T14:04:22.053Z", "user": 1, "content_type": 12, "object_id": "2", "object_repr": "GOT Second Season", "action_flag": 2, "change_message": "[{\"changed\": {\"fields\": [\"Name\"]}}]"}}, {"model": "admin.logentry", "pk": 238, "fields": {"action_time": "2022-10-28T14:04:25.839Z", "user": 1, "content_type": 12, "object_id": "1", "object_repr": "GOT First Season", "action_flag": 2, "change_message": "[{\"changed\": {\"fields\": [\"Name\"]}}]"}}, {"model": "admin.logentry", "pk": 239, "fields": {"action_time": "2022-10-31T06:54:26.317Z", "user": 1, "content_type": 8, "object_id": "15", "object_repr": "Inception", "action_flag": 3, "change_message": ""}}, {"model": "admin.logentry", "pk": 240, "fields": {"action_time": "2022-10-31T06:54:37.144Z", "user": 1, "content_type": 8, "object_id": "7", "object_repr": "Spider-Man", "action_flag": 3, "change_message": ""}}, {"model": "auth.permission", "pk": 1, "fields": {"name": "Can add log entry", "content_type": 1, "codename": "add_logentry"}}, {"model": "auth.permission", "pk": 2, "fields": {"name": "Can change log entry", "content_type": 1, "codename": "change_logentry"}}, {"model": "auth.permission", "pk": 3, "fields": {"name": "Can delete log entry", "content_type": 1, "codename": "delete_logentry"}}, {"model": "auth.permission", "pk": 4, "fields": {"name": "Can view log entry", "content_type": 1, "codename": "view_logentry"}}, {"model": "auth.permission", "pk": 5, "fields": {"name": "Can add permission", "content_type": 2, "codename": "add_permission"}}, {"model": "auth.permission", "pk": 6, "fields": {"name": "Can change permission", "content_type": 2, "codename": "change_permission"}}, {"model": "auth.permission", "pk": 7, "fields": {"name": "Can delete permission", "content_type": 2, "codename": "delete_permission"}}, {"model": "auth.permission", "pk": 8, "fields": {"name": "Can view permission", "content_type": 2, "codename": "view_permission"}}, {"model": "auth.permission", "pk": 9, "fields": {"name": "Can add group", "content_type": 3, "codename": "add_group"}}, {"model": "auth.permission", "pk": 10, "fields": {"name": "Can change group", "content_type": 3, "codename": "change_group"}}, {"model": "auth.permission", "pk": 11, "fields": {"name": "Can delete group", "content_type": 3, "codename": "delete_group"}}, {"model": "auth.permission", "pk": 12, "fields": {"name": "Can view group", "content_type": 3, "codename": "view_group"}}, {"model": "auth.permission", "pk": 13, "fields": {"name": "Can add user", "content_type": 4, "codename": "add_user"}}, {"model": "auth.permission", "pk": 14, "fields": {"name": "Can change user", "content_type": 4, "codename": "change_user"}}, {"model": "auth.permission", "pk": 15, "fields": {"name": "Can delete user", "content_type": 4, "codename": "delete_user"}}, {"model": "auth.permission", "pk": 16, "fields": {"name": "Can view user", "content_type": 4, "codename": "view_user"}}, {"model": "auth.permission", "pk": 17, "fields": {"name": "Can add content type", "content_type": 5, "codename": "add_contenttype"}}, {"model": "auth.permission", "pk": 18, "fields": {"name": "Can change content type", "content_type": 5, "codename": "change_contenttype"}}, {"model": "auth.permission", "pk": 19, "fields": {"name": "Can delete content type", "content_type": 5, "codename": "delete_contenttype"}}, {"model": "auth.permission", "pk": 20, "fields": {"name": "Can view content type", "content_type": 5, "codename": "view_contenttype"}}, {"model": "auth.permission", "pk": 21, "fields": {"name": "Can add session", "content_type": 6, "codename": "add_session"}}, {"model": "auth.permission", "pk": 22, "fields": {"name": "Can change session", "content_type": 6, "codename": "change_session"}}, {"model": "auth.permission", "pk": 23, "fields": {"name": "Can delete session", "content_type": 6, "codename": "delete_session"}}, {"model": "auth.permission", "pk": 24, "fields": {"name": "Can view session", "content_type": 6, "codename": "view_session"}}, {"model": "auth.permission", "pk": 25, "fields": {"name": "Can add movie type", "content_type": 7, "codename": "add_movietype"}}, {"model": "auth.permission", "pk": 26, "fields": {"name": "Can change movie type", "content_type": 7, "codename": "change_movietype"}}, {"model": "auth.permission", "pk": 27, "fields": {"name": "Can delete movie type", "content_type": 7, "codename": "delete_movietype"}}, {"model": "auth.permission", "pk": 28, "fields": {"name": "Can view movie type", "content_type": 7, "codename": "view_movietype"}}, {"model": "auth.permission", "pk": 29, "fields": {"name": "Can add movie", "content_type": 8, "codename": "add_movie"}}, {"model": "auth.permission", "pk": 30, "fields": {"name": "Can change movie", "content_type": 8, "codename": "change_movie"}}, {"model": "auth.permission", "pk": 31, "fields": {"name": "Can delete movie", "content_type": 8, "codename": "delete_movie"}}, {"model": "auth.permission", "pk": 32, "fields": {"name": "Can view movie", "content_type": 8, "codename": "view_movie"}}, {"model": "auth.permission", "pk": 33, "fields": {"name": "Can add subtitle", "content_type": 9, "codename": "add_subtitle"}}, {"model": "auth.permission", "pk": 34, "fields": {"name": "Can change subtitle", "content_type": 9, "codename": "change_subtitle"}}, {"model": "auth.permission", "pk": 35, "fields": {"name": "Can delete subtitle", "content_type": 9, "codename": "delete_subtitle"}}, {"model": "auth.permission", "pk": 36, "fields": {"name": "Can view subtitle", "content_type": 9, "codename": "view_subtitle"}}, {"model": "auth.permission", "pk": 37, "fields": {"name": "Can add actor", "content_type": 10, "codename": "add_actor"}}, {"model": "auth.permission", "pk": 38, "fields": {"name": "Can change actor", "content_type": 10, "codename": "change_actor"}}, {"model": "auth.permission", "pk": 39, "fields": {"name": "Can delete actor", "content_type": 10, "codename": "delete_actor"}}, {"model": "auth.permission", "pk": 40, "fields": {"name": "Can view actor", "content_type": 10, "codename": "view_actor"}}, {"model": "auth.permission", "pk": 41, "fields": {"name": "Can add series", "content_type": 11, "codename": "add_series"}}, {"model": "auth.permission", "pk": 42, "fields": {"name": "Can change series", "content_type": 11, "codename": "change_series"}}, {"model": "auth.permission", "pk": 43, "fields": {"name": "Can delete series", "content_type": 11, "codename": "delete_series"}}, {"model": "auth.permission", "pk": 44, "fields": {"name": "Can view series", "content_type": 11, "codename": "view_series"}}, {"model": "auth.permission", "pk": 45, "fields": {"name": "Can add season", "content_type": 12, "codename": "add_season"}}, {"model": "auth.permission", "pk": 46, "fields": {"name": "Can change season", "content_type": 12, "codename": "change_season"}}, {"model": "auth.permission", "pk": 47, "fields": {"name": "Can delete season", "content_type": 12, "codename": "delete_season"}}, {"model": "auth.permission", "pk": 48, "fields": {"name": "Can view season", "content_type": 12, "codename": "view_season"}}, {"model": "auth.permission", "pk": 49, "fields": {"name": "Can add epsoide", "content_type": 13, "codename": "add_epsoide"}}, {"model": "auth.permission", "pk": 50, "fields": {"name": "Can change epsoide", "content_type": 13, "codename": "change_epsoide"}}, {"model": "auth.permission", "pk": 51, "fields": {"name": "Can delete epsoide", "content_type": 13, "codename": "delete_epsoide"}}, {"model": "auth.permission", "pk": 52, "fields": {"name": "Can view epsoide", "content_type": 13, "codename": "view_epsoide"}}, {"model": "auth.user", "pk": 1, "fields": {"password": "pbkdf2_sha256$390000$2PibujYQnRbwWVgKKTcgAa$0XPFTHapTfejIzmWpoujU5HwcJ6cACAwpXi6PKyfDxc=", "last_login": "2022-10-31T06:53:32.105Z", "is_superuser": true, "username": "m.hawa", "first_name": "", "last_name": "", "email": "ragab5434@gmail.com", "is_staff": true, "is_active": true, "date_joined": "2022-10-13T08:19:15.825Z", "groups": [], "user_permissions": []}}, {"model": "contenttypes.contenttype", "pk": 1, "fields": {"app_label": "admin", "model": "logentry"}}, {"model": "contenttypes.contenttype", "pk": 2, "fields": {"app_label": "auth", "model": "permission"}}, {"model": "contenttypes.contenttype", "pk": 3, "fields": {"app_label": "auth", "model": "group"}}, {"model": "contenttypes.contenttype", "pk": 4, "fields": {"app_label": "auth", "model": "user"}}, {"model": "contenttypes.contenttype", "pk": 5, "fields": {"app_label": "contenttypes", "model": "contenttype"}}, {"model": "contenttypes.contenttype", "pk": 6, "fields": {"app_label": "sessions", "model": "session"}}, {"model": "contenttypes.contenttype", "pk": 7, "fields": {"app_label": "movie", "model": "movietype"}}, {"model": "contenttypes.contenttype", "pk": 8, "fields": {"app_label": "movie", "model": "movie"}}, {"model": "contenttypes.contenttype", "pk": 9, "fields": {"app_label": "movie", "model": "subtitle"}}, {"model": "contenttypes.contenttype", "pk": 10, "fields": {"app_label": "movie", "model": "actor"}}, {"model": "contenttypes.contenttype", "pk": 11, "fields": {"app_label": "movie", "model": "series"}}, {"model": "contenttypes.contenttype", "pk": 12, "fields": {"app_label": "movie", "model": "season"}}, {"model": "contenttypes.contenttype", "pk": 13, "fields": {"app_label": "movie", "model": "epsoide"}}, {"model": "sessions.session", "pk": "2zj2c2msfw77x4f1rw6al6b9rc4vute4", "fields": {"session_data": ".eJxVjEEOwiAQRe_C2pAC7RRduu8ZyDAMUjWQlHZlvHtL0oVu_3vvf4TDbU1uq7y4OYibUOLyu3mkF-cGwhPzo0gqeV1mL5siT1rlVAK_76f7d5CwplYrrX3oLB0JwrUzGpSJoC17BBgIegQevQ12jBTBIrMBMNoMzD0Die8O8V84aA:1oluuw:CjjczUTjUPWmeIAXYfnOhSazYd3r8i7w29GJYUIPJHI", "expire_date": "2022-11-04T16:30:42.551Z"}}, {"model": "sessions.session", "pk": "8ksw2aj90jn19w0hmyn5nwoa48wqsp06", "fields": {"session_data": ".eJxVjEEOwiAQRe_C2pAC7RRduu8ZyDAMUjWQlHZlvHtL0oVu_3vvf4TDbU1uq7y4OYibUOLyu3mkF-cGwhPzo0gqeV1mL5siT1rlVAK_76f7d5CwplYrrX3oLB0JwrUzGpSJoC17BBgIegQevQ12jBTBIrMBMNoMzD0Die8O8V84aA:1okoXZ:9gOle6CjUbCb87QHoAwY134P-PQQ02uX6vZkfziQRy4", "expire_date": "2022-11-01T15:30:01.257Z"}}, {"model": "sessions.session", "pk": "a7i34n0f8igk85lmvgqdb8ezf0ggeg6f", "fields": {"session_data": ".eJxVjEEOwiAQRe_C2pAC7RRduu8ZyDAMUjWQlHZlvHtL0oVu_3vvf4TDbU1uq7y4OYibUOLyu3mkF-cGwhPzo0gqeV1mL5siT1rlVAK_76f7d5CwplYrrX3oLB0JwrUzGpSJoC17BBgIegQevQ12jBTBIrMBMNoMzD0Die8O8V84aA:1ooOiw:Hx0IbFeTQLyGhYaP7Kxf3mHwW6viYdNoKEwsejTLOCg", "expire_date": "2022-11-11T12:44:34.242Z"}}, {"model": "sessions.session", "pk": "c8k1b39xdn42fsztamjxi88q3goeo3wu", "fields": {"session_data": ".eJxVjEEOwiAQRe_C2pAC7RRduu8ZyDAMUjWQlHZlvHtL0oVu_3vvf4TDbU1uq7y4OYibUOLyu3mkF-cGwhPzo0gqeV1mL5siT1rlVAK_76f7d5CwplYrrX3oLB0JwrUzGpSJoC17BBgIegQevQ12jBTBIrMBMNoMzD0Die8O8V84aA:1ol9qB:Y0T6bktv4DbEh5V_w5yTLsupGjch1NHp06HcbFswk-4", "expire_date": "2022-11-02T14:14:39.157Z"}}, {"model": "sessions.session", "pk": "hfqb57mrnpwp3fsgx2sgi8voeaor98gu", "fields": {"session_data": ".eJxVjEEOwiAQRe_C2pAC7RRduu8ZyDAMUjWQlHZlvHtL0oVu_3vvf4TDbU1uq7y4OYibUOLyu3mkF-cGwhPzo0gqeV1mL5siT1rlVAK_76f7d5CwplYrrX3oLB0JwrUzGpSJoC17BBgIegQevQ12jBTBIrMBMNoMzD0Die8O8V84aA:1omvM1:FjLWBbLHw1I9HPFPFWTmnTXB0ThFiBuHh7x_CortZkE", "expire_date": "2022-11-07T11:10:49.225Z"}}, {"model": "sessions.session", "pk": "ia1ycmb4xbjloffnsw3z4i4a670sgiw2", "fields": {"session_data": ".eJxVjEEOwiAQRe_C2pAC7RRduu8ZyDAMUjWQlHZlvHtL0oVu_3vvf4TDbU1uq7y4OYibUOLyu3mkF-cGwhPzo0gqeV1mL5siT1rlVAK_76f7d5CwplYrrX3oLB0JwrUzGpSJoC17BBgIegQevQ12jBTBIrMBMNoMzD0Die8O8V84aA:1on1ld:bTFwEX0Q5K0PyvNbt3Gc8zZ66mgV_yOBFtszDZ0X_7I", "expire_date": "2022-11-07T18:01:41.740Z"}}, {"model": "sessions.session", "pk": "ig3kvvdt31lqabm1dobyn0iqbbf54747", "fields": {"session_data": ".eJxVjEEOwiAQRe_C2pAC7RRduu8ZyDAMUjWQlHZlvHtL0oVu_3vvf4TDbU1uq7y4OYibUOLyu3mkF-cGwhPzo0gqeV1mL5siT1rlVAK_76f7d5CwplYrrX3oLB0JwrUzGpSJoC17BBgIegQevQ12jBTBIrMBMNoMzD0Die8O8V84aA:1on0uZ:__dzhLvr4__9780Go5hQL_sTxijrgCWuniX-1Ud4aJ4", "expire_date": "2022-11-07T17:06:51.982Z"}}, {"model": "sessions.session", "pk": "k8i2t4pva24s3voxm8du5c3joz5lam27", "fields": {"session_data": ".eJxVjEEOwiAQRe_C2pAC7RRduu8ZyDAMUjWQlHZlvHtL0oVu_3vvf4TDbU1uq7y4OYibUOLyu3mkF-cGwhPzo0gqeV1mL5siT1rlVAK_76f7d5CwplYrrX3oLB0JwrUzGpSJoC17BBgIegQevQ12jBTBIrMBMNoMzD0Die8O8V84aA:1olpZA:VPzyE-x68noTsgQJEXpT9lBCDVX-0kelZlT-FtgTZO0", "expire_date": "2022-11-04T10:47:52.271Z"}}, {"model": "sessions.session", "pk": "lfmeblvdalesk2iptxe5sn4kga8ir04z", "fields": {"session_data": ".eJxVjEEOwiAQRe_C2pAC7RRduu8ZyDAMUjWQlHZlvHtL0oVu_3vvf4TDbU1uq7y4OYibUOLyu3mkF-cGwhPzo0gqeV1mL5siT1rlVAK_76f7d5CwplYrrX3oLB0JwrUzGpSJoC17BBgIegQevQ12jBTBIrMBMNoMzD0Die8O8V84aA:1omIkU:ptXF0Gb16j3BwUEiktNMOdmWAScQm8bS3ForojRJWy8", "expire_date": "2022-11-05T17:57:30.427Z"}}, {"model": "sessions.session", "pk": "nk7p8h7kcy5a5aiums6zgin5szgj0ibv", "fields": {"session_data": ".eJxVjEEOwiAQRe_C2pAC7RRduu8ZyDAMUjWQlHZlvHtL0oVu_3vvf4TDbU1uq7y4OYibUOLyu3mkF-cGwhPzo0gqeV1mL5siT1rlVAK_76f7d5CwplYrrX3oLB0JwrUzGpSJoC17BBgIegQevQ12jBTBIrMBMNoMzD0Die8O8V84aA:1opOfs:6O2lhiJ3JYLs7f81oFpDXG1yEpAofReg4rYiJgFtGxg", "expire_date": "2022-11-14T06:53:32.111Z"}}, {"model": "sessions.session", "pk": "r19sx10fmgf5e02pvnvh7co0qeagc1cn", "fields": {"session_data": ".eJxVjEEOwiAQRe_C2pAC7RRduu8ZyDAMUjWQlHZlvHtL0oVu_3vvf4TDbU1uq7y4OYibUOLyu3mkF-cGwhPzo0gqeV1mL5siT1rlVAK_76f7d5CwplYrrX3oLB0JwrUzGpSJoC17BBgIegQevQ12jBTBIrMBMNoMzD0Die8O8V84aA:1okqwm:-MBlvd3mT8j_BlRlYoQROxMoGmym1sJSBlaEyH-9wIU", "expire_date": "2022-11-01T18:04:12.700Z"}}, {"model": "sessions.session", "pk": "v9ofgrp6eg4ryrjqkp9ftmcz5wdge5wz", "fields": {"session_data": ".eJxVjEEOwiAQRe_C2pAC7RRduu8ZyDAMUjWQlHZlvHtL0oVu_3vvf4TDbU1uq7y4OYibUOLyu3mkF-cGwhPzo0gqeV1mL5siT1rlVAK_76f7d5CwplYrrX3oLB0JwrUzGpSJoC17BBgIegQevQ12jBTBIrMBMNoMzD0Die8O8V84aA:1olXwQ:NPf1JuKsVw3ByEgTrN6H1vGUMa2Fx0DSwvh783e_5YI", "expire_date": "2022-11-03T15:58:42.835Z"}}, {"model": "sessions.session", "pk": "wvcxsroo48pfg4q1u6kn0gl4q1lmq4tl", "fields": {"session_data": ".eJxVjEEOwiAQRe_C2pAC7RRduu8ZyDAMUjWQlHZlvHtL0oVu_3vvf4TDbU1uq7y4OYibUOLyu3mkF-cGwhPzo0gqeV1mL5siT1rlVAK_76f7d5CwplYrrX3oLB0JwrUzGpSJoC17BBgIegQevQ12jBTBIrMBMNoMzD0Die8O8V84aA:1omEYR:MGcTSoJeoEtP5dWEfJD4gnO_gL8zLQru73g61CBV93A", "expire_date": "2022-11-05T13:28:47.939Z"}}, {"model": "movie.movietype", "pk": 1, "fields": {"name": "Documentary", "slug": "documentary"}}, {"model": "movie.movietype", "pk": 2, "fields": {"name": "Action", "slug": "action"}}, {"model": "movie.movietype", "pk": 3, "fields": {"name": "Adventure", "slug": "adventure"}}, {"model": "movie.movietype", "pk": 4, "fields": {"name": "Comedy", "slug": "comedy"}}, {"model": "movie.movietype", "pk": 5, "fields": {"name": "Drama", "slug": "drama"}}, {"model": "movie.movietype", "pk": 6, "fields": {"name": "Horror", "slug": "horror"}}, {"model": "movie.movietype", "pk": 7, "fields": {"name": "Romance", "slug": "romance"}}, {"model": "movie.movietype", "pk": 8, "fields": {"name": "Science fiction", "slug": "science-fiction"}}, {"model": "movie.movietype", "pk": 9, "fields": {"name": "Fantasy", "slug": "fantasy"}}, {"model": "movie.movietype", "pk": 10, "fields": {"name": "Historical", "slug": "historical"}}, {"model": "movie.movietype", "pk": 11, "fields": {"name": "Crime", "slug": "crime"}}, {"model": "movie.movietype", "pk": 12, "fields": {"name": "Thriller", "slug": "thriller"}}, {"model": "movie.movietype", "pk": 13, "fields": {"name": "Mystery", "slug": "mystery"}}, {"model": "movie.subtitle", "pk": 1, "fields": {"name": "The Matrix-1", "subtitle": "https://yifysubtitles.org/movie-imdb/tt0133093"}}, {"model": "movie.subtitle", "pk": 2, "fields": {"name": "Dune", "subtitle": "https://yify-subs.net/movie-imdb/tt1160419"}}, {"model": "movie.subtitle", "pk": 3, "fields": {"name": "Doctor Strange", "subtitle": "https://yifysubtitles.org/movie-imdb/tt1211837"}}, {"model": "movie.actor", "pk": 1, "fields": {"name": "Jason Statham", "image": "static/images/actors/jason-statham.jpg", "wikipedia_url": "https://en.wikipedia.org/wiki/Jason_Statham", "slug": "jason-statham"}}, {"model": "movie.actor", "pk": 2, "fields": {"name": "Keanu Reeves", "image": "static/images/actors/keanu-reeves.jpg", "wikipedia_url": "https://en.wikipedia.org/wiki/Keanu_Reeves", "slug": "keanu-reeves"}}, {"model": "movie.actor", "pk": 3, "fields": {"name": "Carrie-Anne Moss", "image": "static/images/actors/carrie-anne-moss.jpg", "wikipedia_url": "https://en.wikipedia.org/wiki/Carrie-Anne_Moss", "slug": "carrie-anne-moss"}}, {"model": "movie.actor", "pk": 4, "fields": {"name": "Leonardo DiCaprio", "image": "static/images/actors/leonardo-dicaprio.jpg", "wikipedia_url": "https://en.wikipedia.org/wiki/Leonardo_DiCaprio", "slug": "leonardo-dicaprio"}}, {"model": "movie.actor", "pk": 5, "fields": {"name": "Brad Pitt", "image": "static/images/actors/brad-pitt.jpg", "wikipedia_url": "https://en.wikipedia.org/wiki/Brad_Pitt", "slug": "brad-pitt"}}, {"model": "movie.actor", "pk": 6, "fields": {"name": "Al Pacino", "image": "static/images/actors/al-pacino.jpg", "wikipedia_url": "https://en.wikipedia.org/wiki/Al_Pacino", "slug": "al-pacino"}}, {"model": "movie.actor", "pk": 7, "fields": {"name": "Angelina Jolie", "image": "static/images/actors/angelina-jolie.jpg", "wikipedia_url": "https://en.wikipedia.org/wiki/Angelina_Jolie", "slug": "angelina-jolie"}}, {"model": "movie.actor", "pk": 8, "fields": {"name": "Emilia Clarke", "image": "static/images/actors/emilia-clarke.jpg", "wikipedia_url": "https://en.wikipedia.org/wiki/Emilia_Clarke", "slug": "emilia-clarke"}}, {"model": "movie.actor", "pk": 9, "fields": {"name": "Scarlett Johansson", "image": "static/images/actors/scarlett-johansson.jpg", "wikipedia_url": "https://en.wikipedia.org/wiki/Scarlett_Johansson", "slug": "scarlett-johansson"}}, {"model": "movie.actor", "pk": 10, "fields": {"name": "Marlon Brando", "image": "static/images/actors/marlon-brando.jpg", "wikipedia_url": "https://tr.wikipedia.org/wiki/Marlon_Brando", "slug": "marlon-brando"}}, {"model": "movie.actor", "pk": 11, "fields": {"name": "Tom Hanks", "image": "static/images/actors/tom-hanks.jpg", "wikipedia_url": "https://en.wikipedia.org/wiki/Tom_Hanks", "slug": "tom-hanks"}}, {"model": "movie.actor", "pk": 12, "fields": {"name": "Jean Reno", "image": "static/images/actors/jean-reno.jpg", "wikipedia_url": "https://en.wikipedia.org/wiki/Jean_Reno", "slug": "jean-reno"}}, {"model": "movie.actor", "pk": 13, "fields": {"name": "Natalie Portman", "image": "static/images/actors/natalie-portman.jpg", "wikipedia_url": "https://en.wikipedia.org/wiki/Natalie_Portman", "slug": "natalie-portman"}}, {"model": "movie.actor", "pk": 14, "fields": {"name": "Matt Damon", "image": "static/images/actors/matt-damon.jpg", "wikipedia_url": "https://en.wikipedia.org/wiki/Matt_Damon", "slug": "matt-damon"}}, {"model": "movie.actor", "pk": 15, "fields": {"name": "Mark Ruffalo", "image": "static/images/actors/mark-ruffalo.jpg", "wikipedia_url": "https://en.wikipedia.org/wiki/Mark_Ruffalo", "slug": "mark-ruffalo"}}, {"model": "movie.actor", "pk": 16, "fields": {"name": "Kit Harington", "image": "static/images/actors/kit-harington.jpg", "wikipedia_url": "https://en.wikipedia.org/wiki/Kit_Harington", "slug": "kit-harington"}}, {"model": "movie.actor", "pk": 17, "fields": {"name": "Sophie Turner", "image": "static/images/actors/sophie-turner.jpg", "wikipedia_url": "https://en.wikipedia.org/wiki/Sophie_Turner", "slug": "sophie-turner"}}, {"model": "movie.actor", "pk": 18, "fields": {"name": "Lena Headey", "image": "static/images/actors/lena-headey.jpg", "wikipedia_url": "https://en.wikipedia.org/wiki/Lena_Headey", "slug": "lena-headey"}}, {"model": "movie.actor", "pk": 20, "fields": {"name": "Jason Momoa", "image": "static/images/actors/jason-momoa_kuf8Iiu.jpg", "wikipedia_url": "https://en.wikipedia.org/wiki/Jason_Momoa", "slug": "jason-momoa"}}, {"model": "movie.actor", "pk": 23, "fields": {"name": "Heath Ledger", "image": "static/images/actors/heath-ledger_EFQSeEY.jpg", "wikipedia_url": "https://en.wikipedia.org/wiki/Heath_Ledger", "slug": "heath-ledger"}}, {"model": "movie.actor", "pk": 24, "fields": {"name": "Cillian Murphy", "image": "static/images/actors/cillian-murphy.jpg", "wikipedia_url": "https://www.imdb.com/name/nm0614165/", "slug": "cillian-murphy"}}, {"model": "movie.actor", "pk": 25, "fields": {"name": "Morgan Freeman", "image": "static/images/actors/morgan-freeman.jpg", "wikipedia_url": "https://en.wikipedia.org/wiki/Morgan_Freeman", "slug": "morgan-freeman"}}, {"model": "movie.actor", "pk": 26, "fields": {"name": "Christian Bale", "image": "static/images/actors/christian-bale.jpg", "wikipedia_url": "https://en.wikipedia.org/wiki/Christian_Bale", "slug": "christian-bale"}}, {"model": "movie.actor", "pk": 27, "fields": {"name": "Tim Robbins", "image": "static/images/actors/tim-robbins.jpg", "wikipedia_url": "https://www.imdb.com/name/nm0000209/", "slug": "tim-robbins"}}, {"model": "movie.actor", "pk": 28, "fields": {"name": "Bryan Cranston", "image": "static/images/actors/bryan-cranston.jpg", "wikipedia_url": "https://en.wikipedia.org/wiki/Bryan_Cranston", "slug": "bryan-cranston"}}, {"model": "movie.actor", "pk": 29, "fields": {"name": "Dean Norris", "image": "static/images/actors/dean-norris.jpg", "wikipedia_url": "https://en.wikipedia.org/wiki/Dean_Norris", "slug": "dean-norris"}}, {"model": "movie.actor", "pk": 30, "fields": {"name": "Aaron Paul", "image": "static/images/actors/aaron-paul.jpg", "wikipedia_url": "https://en.wikipedia.org/wiki/Aaron_Paul", "slug": "aaron-paul"}}, {"model": "movie.actor", "pk": 31, "fields": {"name": "Bob Odenkirk", "image": "static/images/actors/bob-odenkirk.jpg", "wikipedia_url": "https://en.wikipedia.org/wiki/Bob_Odenkirk", "slug": "bob-odenkirk"}}, {"model": "movie.actor", "pk": 32, "fields": {"name": "Benedict Cumberbatch", "image": "static/images/actors/benedict-cumberbatch.jpg", "wikipedia_url": "https://en.wikipedia.org/wiki/Benedict_Cumberbatch", "slug": "benedict-cumberbatch"}}, {"model": "movie.actor", "pk": 33, "fields": {"name": "Martin Freeman", "image": "static/images/actors/martin-freeman.jpg", "wikipedia_url": "https://en.wikipedia.org/wiki/Martin_Freeman", "slug": "martin-freeman"}}, {"model": "movie.actor", "pk": 34, "fields": {"name": "Matthew McConaughey", "image": "static/images/actors/matthew-mcconaughey.jpg", "wikipedia_url": "https://en.wikipedia.org/wiki/Matthew_McConaughey", "slug": "matthew-mcconaughey"}}, {"model": "movie.actor", "pk": 35, "fields": {"name": "Woody Harrelson", "image": "static/images/actors/woody-harrelson.jpg", "wikipedia_url": "https://en.wikipedia.org/wiki/Woody_Harrelson", "slug": "woody-harrelson"}}, {"model": "movie.actor", "pk": 36, "fields": {"name": "Michael C. Hall", "image": "static/images/actors/michael-c-hall.jpg", "wikipedia_url": "https://en.wikipedia.org/wiki/Michael_C._Hall", "slug": "michael-c-hall"}}, {"model": "movie.actor", "pk": 37, "fields": {"name": "Jennifer Carpenter", "image": "static/images/actors/jennifer-carpenter.jpg", "wikipedia_url": "https://en.wikipedia.org/wiki/Jennifer_Carpenter", "slug": "jennifer-carpenter"}}, {"model": "movie.actor", "pk": 38, "fields": {"name": "C. S. Lee", "image": "static/images/actors/c-s-lee.jpg", "wikipedia_url": "https://en.wikipedia.org/wiki/C._S._Lee", "slug": "c-s-lee"}}, {"model": "movie.movie", "pk": 6, "fields": {"name": "Black Adam", "description": "Nearly 5,000 years after he was bestowed with the almighty powers of the Egyptian gods-and imprisoned just as quickly-Black Adam (Johnson) is freed from his earthly tomb, ready to unleash his unique form of justice on the modern world.", "country": "US", "running_time": 204, "published_at": "2022-10-18", "released": "2022-10-21", "image": "static/images/movies/black-adam.png", "rate": "6.7", "producer": "Sohrab Noshirvani, Adam Sztykiel, Rory Haines", "director": "Jaume Collet-Serra", "trailer": "https://www.youtube.com/embed/X0tOpBuYasI", "language": "gr", "subtitle": null, "slug": "black-adam", "type": [2, 9], "actors": [2, 9]}}, {"model": "movie.movie", "pk": 8, "fields": {"name": "Dune", "description": "A noble family becomes embroiled in a war for control over the galaxy's most valuable asset while its heir becomes troubled by visions of a dark future.", "country": "UK", "running_time": 235, "published_at": "2022-10-18", "released": "2021-10-22", "image": "static/images/movies/dune.jpg", "rate": "8.0", "producer": "With Warner Bros.", "director": "Denis Villeneuve", "trailer": "https://www.youtube.com/embed/8g18jFHCLXk", "language": "en", "subtitle": null, "slug": "dune", "type": [3, 8], "actors": [12]}}, {"model": "movie.movie", "pk": 9, "fields": {"name": "Doctor Strange", "description": "While on a journey of physical and spiritual healing, a brilliant neurosurgeon is drawn into the world of the mystic arts.", "country": "UK", "running_time": 155, "published_at": "2022-10-18", "released": "2016-11-04", "image": "static/images/movies/doctor-strange.jpg", "rate": "7.5", "producer": "Marvel Entertainment, Marvel Studios, Walt Disney Studios Motion Pictures", "director": "Scott Derrickson", "trailer": "https://player.vimeo.com/video/170331735?h=455183c5fa&color=1EA0A0&title=0&byline=0&portrait=0", "language": "en", "subtitle": 3, "slug": "doctor-strange", "type": [2, 3], "actors": [4, 7]}}, {"model": "movie.movie", "pk": 10, "fields": {"name": "The Matrix-1", "description": "When a beautiful stranger leads computer hacker Neo to a forbidding underworld, he discovers the shocking truth--the life he knows is the elaborate deception of an evil cyber-intelligence.", "country": "US", "running_time": 216, "published_at": "2022-10-18", "released": "1999-09-03", "image": "static/images/movies/the-matrix.jpg", "rate": "8.7", "producer": "Village Roadshow Pictures,", "director": "Lana Wachowski, Lilly Wachowski", "trailer": "https://player.vimeo.com/video/448915447?h=32adc5e426", "language": "en", "subtitle": 1, "slug": "the-matrix-1", "type": [3, 8], "actors": [4, 5]}}, {"model": "movie.movie", "pk": 11, "fields": {"name": "The Departed", "description": "An undercover cop and a mole in the police attempt to identify each other while infiltrating an Irish gang in South Boston.", "country": "US", "running_time": 231, "published_at": "2022-10-18", "released": "2006-10-06", "image": "static/images/movies/the-departed.jpg", "rate": "8.5", "producer": "Infernal Affairs", "director": "Martin Scorsese", "trailer": "https://player.vimeo.com/video/33257142?h=739da4c522", "language": "en", "subtitle": null, "slug": "the-departed", "type": [5, 11], "actors": [4, 14]}}, {"model": "movie.movie", "pk": 12, "fields": {"name": "Shutter Island", "description": "In 1954, a U.S. Marshal investigates the disappearance of a murderer who escaped from a hospital for the criminally insane.", "country": "US", "running_time": 218, "published_at": "2022-10-18", "released": "2010-03-12", "image": "static/images/movies/shutter-island.jpg", "rate": "8.2", "producer": "Paramount Pictures (presents) (A Martin Scorsese Picture)", "director": "Martin Scorsese", "trailer": "https://player.vimeo.com/video/14626140?h=87c6f1af11&title=0&byline=0&portrait=0", "language": "en", "subtitle": null, "slug": "shutter-island", "type": [12, 13], "actors": [4, 15]}}, {"model": "movie.movie", "pk": 13, "fields": {"name": "The Shawshank Redemption", "description": "Two imprisoned men bond over a number of years, finding solace and eventual redemption through acts of common decency.", "country": "US", "running_time": 142, "published_at": "2022-10-20", "released": "1994-10-03", "image": "static/images/movies/the-shawshank-redemption.jpg", "rate": "9.3", "producer": "Rita Hayworth and Shawshank Redemption", "director": "Frank Darabont", "trailer": "https://www.youtube.com/embed/6hB3S9bIaco", "language": "en", "subtitle": null, "slug": "the-shawshank-redemption", "type": [5, 11], "actors": [25, 27]}}, {"model": "movie.movie", "pk": 14, "fields": {"name": "Batman Begins", "description": "After training with his mentor, Batman begins his fight to free crime-ridden Gotham City from corruption.", "country": "US", "running_time": 140, "published_at": "2022-10-20", "released": "2005-06-17", "image": "static/images/movies/batman-begins.jpg", "rate": "8.2", "producer": "MTV Movie & TV Award for Best Movie, MORE", "director": "Christopher Nolan", "trailer": "https://www.youtube.com/embed/neY2xVmOfUM", "language": "en", "subtitle": null, "slug": "batman-begins", "type": [2, 9], "actors": [24, 26]}}, {"model": "movie.movie", "pk": 16, "fields": {"name": "Lucy", "description": "A woman, accidentally caught in a dark deal, turns the tables on her captors and transforms into a merciless warrior evolved beyond human logic.", "country": "UK", "running_time": 90, "published_at": "2022-10-20", "released": "2014-08-08", "image": "static/images/movies/lucy.jpg", "rate": "6.4", "producer": "Virginie Besson-Silla, Marc Shmuger", "director": "Luc Besson", "trailer": "https://www.youtube.com/embed/bN7ksFEVO9U", "language": "en", "subtitle": null, "slug": "lucy", "type": [2, 12], "actors": [9, 25]}}, {"model": "movie.movie", "pk": 17, "fields": {"name": "Mr. & Mrs. Smith", "description": "A bored married couple is surprised to learn that they are both assassins hired by competing agencies to kill each other.", "country": "UK", "running_time": 126, "published_at": "2022-10-20", "released": "2005-06-10", "image": "static/images/movies/mr-mrs-smith.jpg", "rate": "6.5", "producer": "MTV Movie & TV Award for Best Kiss, MORE", "director": "Doug Liman", "trailer": "https://www.youtube.com/embed/CZ0B22z22pI", "language": "en", "subtitle": null, "slug": "mr-mrs-smith", "type": [2, 7], "actors": [5, 7]}}, {"model": "movie.movie", "pk": 18, "fields": {"name": "Se7en", "description": "Two detectives, a rookie and a veteran, hunt a serial killer who uses the seven deadly sins as his motives.", "country": "US", "running_time": 127, "published_at": "2022-10-20", "released": "1996-02-16", "image": "static/images/movies/se7en.jpg", "rate": "8.6", "producer": "David Fincher", "director": "MTV Movie & TV Award for Best Villain, MORE", "trailer": "https://www.youtube.com/embed/znmZoVkCjpI", "language": "en", "subtitle": null, "slug": "se7en", "type": [11, 13], "actors": [5, 25]}}, {"model": "movie.movie", "pk": 19, "fields": {"name": "Fight Club", "description": "An insomniac office worker and a devil-may-care soap maker form an underground fight club that evolves into much more.", "country": "US", "running_time": 139, "published_at": "2022-10-20", "released": "1999-12-10", "image": "static/images/movies/fight-club.jpg", "rate": "8.8", "producer": "Chuck Palahniuk", "director": "David Fincher", "trailer": "https://www.youtube.com/embed/BdJKm16Co6M", "language": "en", "subtitle": null, "slug": "fight-club", "type": [5, 12], "actors": [5]}}, {"model": "movie.movie", "pk": 20, "fields": {"name": "The Dark Knight", "description": "When the menace known as the Joker wreaks havoc and chaos on the people of Gotham, Batman must accept one of the greatest psychological and physical tests of his ability to fight injustice.", "country": "US", "running_time": 152, "published_at": "2022-10-20", "released": "2008-07-25", "image": "static/images/movies/the-dark-knight.jpg", "rate": "9.0", "producer": "Warner Bros. Pictures, FilmFlex", "director": "Christopher Nolan", "trailer": "https://www.youtube.com/embed/EXeTwQWrcwY", "language": "en", "subtitle": null, "slug": "the-dark-knight", "type": [2, 3], "actors": [23, 25, 26]}}, {"model": "movie.movie", "pk": 21, "fields": {"name": "Now You See Me", "description": "An F.B.I. Agent and an Interpol Detective track a team of illusionists who pull off bank heists during their performances, and reward their audiences with the money.", "country": "US", "running_time": 115, "published_at": "2022-10-28", "released": "2013-05-31", "image": "static/images/movies/now-you-see-me.jpg", "rate": "7.2", "producer": "Alex Kurtzman, Boaz Yakin, Roberto Orci, Bobby Cohen", "director": "Louis Leterrier", "trailer": "https://www.youtube.com/embed/4OtM9j2lcUA", "language": "en", "subtitle": null, "slug": "now-you-see-me", "type": [11, 12], "actors": [15, 25, 35]}}, {"model": "movie.series", "pk": 2, "fields": {"name": "Sherlock", "description": "A modern update finds the famous sleuth and his doctor partner solving crime in 21st-century London.", "country": "UK", "image": "static/images/series/sherlock.jpg", "rate": "9.10", "season_count": 4, "epsoide_count": 15, "producer": "Mark Gatiss, Steven Moffat, Sue Vertue, MORE", "director": "Mark Gatiss, A.C. Doyle, Steven Moffat, Steve Thompson", "language": "en", "slug": "sherlock", "type": [5, 11, 13], "actors": [32, 33]}}, {"model": "movie.series", "pk": 3, "fields": {"name": "Dexter", "description": "He's smart. He's lovable. He's Dexter Morgan, America's favorite serial killer, who spends his days solving crimes and nights committing them. Golden Globe winner Michael C. Hall stars in the hit SHOWTIME Original Series.", "country": "US", "image": "static/images/series/dexter.jpg", "rate": "8.70", "season_count": 9, "epsoide_count": 96, "producer": "SHOWTIME, CBS", "director": "James Manos Jr.", "language": "en", "slug": "dexter", "type": [5, 11, 13], "actors": [36, 37, 38]}}, {"model": "movie.series", "pk": 4, "fields": {"name": "True Detective", "description": "Seasonal anthology series in which police investigations unearth the personal and professional secrets of those involved, both within and outside the law.", "country": "US", "image": "static/images/series/true-detective.jpg", "rate": "8.90", "season_count": 3, "epsoide_count": 24, "producer": "Matthew McConaughey, Woody Harrelson, MORE", "director": "Nic Pizzolatto", "language": "en", "slug": "true-detective", "type": [5, 11, 13], "actors": [34, 35]}}, {"model": "movie.series", "pk": 5, "fields": {"name": "Breaking Bad", "description": "A chemistry teacher diagnosed with inoperable lung cancer turns to manufacturing and selling methamphetamine with a former student in order to secure his family's future.", "country": "US", "image": "static/images/series/breaking-bad.jpg", "rate": "9.50", "season_count": 5, "epsoide_count": 62, "producer": "Vince Gilligan, Michael Slovis, Colin Bucksey, MORE", "director": "Vince Gilligan", "language": "en", "slug": "breaking-bad", "type": [5, 11, 12], "actors": [28, 29, 30, 31]}}, {"model": "movie.series", "pk": 6, "fields": {"name": "Better Call Saul", "description": "The trials and tribulations of criminal lawyer Jimmy McGill in the years leading up to his fateful run-in with Walter White and Jesse Pinkman.", "country": "US", "image": "static/images/series/better-call-saul.jpg", "rate": "8.90", "season_count": 6, "epsoide_count": 63, "producer": "Saul Goodman", "director": "Vince GilliganPeter Gould", "language": "en", "slug": "better-call-saul", "type": [5, 11], "actors": [31]}}, {"model": "movie.series", "pk": 7, "fields": {"name": "Game of Thrones", "description": "Nine noble families fight for control over the lands of Westeros, while an ancient enemy returns after being dormant for millennia.", "country": "UK", "image": "static/images/series/game-of-thrones_JMc59Rt.jpg", "rate": "8.90", "season_count": 8, "epsoide_count": 73, "producer": "Ramin Djawadi", "director": "David BenioffD.B. Weiss", "language": "en", "slug": "game-of-thrones", "type": [2, 3, 5], "actors": [8, 16, 17, 18, 20]}}, {"model": "movie.season", "pk": 1, "fields": {"name": "GOT First Season", "epsoide_count": 10, "production_date": "2011-04-17", "trailer": "https://www.youtube.com/embed/gcTkNV5Vg1E", "series": 7, "slug": "got-first-season"}}, {"model": "movie.season", "pk": 2, "fields": {"name": "GOT Second Season", "epsoide_count": 10, "production_date": "2012-04-01", "trailer": "https://www.youtube.com/embed/AlhHGUfCYw4", "series": 7, "slug": "got-second-season"}}, {"model": "movie.season", "pk": 3, "fields": {"name": "GOT Third Season", "epsoide_count": 10, "production_date": "2013-03-31", "trailer": "https://www.youtube.com/embed/nblUgAMoOvU", "series": 7, "slug": "got-third-season"}}, {"model": "movie.season", "pk": 4, "fields": {"name": "GOT Fourth Season", "epsoide_count": 10, "production_date": "2014-04-06", "trailer": "https://www.youtube.com/embed/xZY43QSx3Fk", "series": 7, "slug": "got-fourth-season"}}, {"model": "movie.season", "pk": 5, "fields": {"name": "GOT Fifth Season", "epsoide_count": 10, "production_date": "2015-04-15", "trailer": "https://www.youtube.com/embed/F9Bo89m2f6g", "series": 7, "slug": "got-fifth-season"}}, {"model": "movie.season", "pk": 6, "fields": {"name": "GOT Sixth Season", "epsoide_count": 10, "production_date": "2016-04-24", "trailer": "https://www.youtube.com/embed/yu8eRaq1FUM", "series": 7, "slug": "got-sixth-season"}}, {"model": "movie.season", "pk": 7, "fields": {"name": "GOT Seventh Season", "epsoide_count": 7, "production_date": "2017-06-16", "trailer": "https://www.youtube.com/embed/giYeaKsXnsI", "series": 7, "slug": "got-seventh-season"}}, {"model": "movie.season", "pk": 8, "fields": {"name": "GOT Eighth Season", "epsoide_count": 6, "production_date": "2019-04-14", "trailer": "https://www.youtube.com/embed/rlR4PJn8b8I", "series": 7, "slug": "got-eighth-season"}}, {"model": "movie.season", "pk": 9, "fields": {"name": "Sherlock  First Season", "epsoide_count": 4, "production_date": "2010-10-24", "trailer": "https://www.youtube.com/embed/IrBKwzL3K7s", "series": 2, "slug": "sherlock-first-season"}}, {"model": "movie.season", "pk": 10, "fields": {"name": "Sherlock  Second Season", "epsoide_count": 3, "production_date": "2012-05-06", "trailer": "https://www.youtube.com/embed/vydmN9pzDzg", "series": 2, "slug": "sherlock-second-season"}}, {"model": "movie.season", "pk": 11, "fields": {"name": "Sherlock  Third Season", "epsoide_count": 3, "production_date": "2014-06-16", "trailer": "https://www.youtube.com/embed/9UcR9iKArd0", "series": 2, "slug": "sherlock-third-season"}}, {"model": "movie.season", "pk": 12, "fields": {"name": "Sherlock Fourth Season", "epsoide_count": 3, "production_date": "2017-06-01", "trailer": "https://www.youtube.com/embed/qlcWFoNqZHc", "series": 2, "slug": "sherlock-fourth-season"}}, {"model": "movie.epsoide", "pk": 1, "fields": {"name": "Winter Is Coming", "rate": "8.9", "season": 1, "description": "Eddard Stark is torn between his family and an old friend when asked to serve at the side of King Robert Baratheon; Viserys plans to wed his sister to a nomadic warlord in exchange for an army.", "subtitle": null, "slug": "winter-is-coming"}}, {"model": "movie.epsoide", "pk": 2, "fields": {"name": "The Kingsroad", "rate": "8.6", "season": 1, "description": "While Bran recovers from his fall, Ned takes only his daughters to King's Landing. Jon Snow goes with his uncle Benjen to the Wall. Tyrion joins them.", "subtitle": null, "slug": "the-kingsroad"}}, {"model": "movie.epsoide", "pk": 3, "fields": {"name": "Lord Snow", "rate": "8.5", "season": 1, "description": "Jon begins his training with the Night's Watch; Ned confronts his past and future at King's Landing; Daenerys finds herself at odds with Viserys.", "subtitle": null, "slug": "lord-snow"}}, {"model": "movie.epsoide", "pk": 4, "fields": {"name": "Cripples, Bastards, and Broken Things", "rate": "8.6", "season": 1, "description": "Eddard investigates Jon Arryn's murder. Jon befriends Samwell Tarly, a coward who has come to join the Night's Watch.", "subtitle": null, "slug": "cripples-bastards-and-broken-things"}}, {"model": "movie.epsoide", "pk": 5, "fields": {"name": "The Wolf and the Lion", "rate": "9.0", "season": 1, "description": "Catelyn has captured Tyrion and plans to bring him to her sister, Lysa Arryn, at the Vale, to be tried for his, supposed, crimes against Bran. Robert plans to have Daenerys killed, but Eddard refuses to be a part of it and quits.", "subtitle": null, "slug": "the-wolf-and-the-lion"}}, {"model": "movie.epsoide", "pk": 6, "fields": {"name": "A Golden Crown", "rate": "9.1", "season": 1, "description": "While recovering from his battle with Jaime, Eddard is forced to run the kingdom while Robert goes hunting. Tyrion demands a trial by combat for his freedom. Viserys is losing his patience with Drogo.", "subtitle": null, "slug": "a-golden-crown"}}, {"model": "movie.epsoide", "pk": 7, "fields": {"name": "You Win or You Die", "rate": "9.1", "season": 1, "description": "Robert has been injured while hunting and is dying. Jon and the others finally take their vows to the Night's Watch. A man, sent by Robert, is captured for trying to poison Daenerys. Furious, Drogo vows to attack the Seven Kingdoms.", "subtitle": null, "slug": "you-win-or-you-die"}}, {"model": "movie.epsoide", "pk": 8, "fields": {"name": "The Pointy End", "rate": "8.9", "season": 1, "description": "The Lannisters press their advantage over the Starks; Robb rallies his father's northern allies and heads south to war; The White Walkers attack the Wall; Tyrion returns to his father with some new friends.", "subtitle": null, "slug": "the-pointy-end"}}, {"model": "movie.epsoide", "pk": 9, "fields": {"name": "Baelor", "rate": "9.6", "season": 1, "description": "Robb goes to war against the Lannisters. Jon finds himself struggling on deciding if his place is with Robb or the Night's Watch. Drogo has fallen ill from a fresh battle wound. Daenerys is desperate to save him.", "subtitle": null, "slug": "baelor"}}, {"model": "movie.epsoide", "pk": 10, "fields": {"name": "Fire and Blood", "rate": "9.4", "season": 1, "description": "Robb vows to get revenge on the Lannisters. Jon must officially decide if his place is with Robb or the Night's Watch. Daenerys says her final goodbye to Drogo.", "subtitle": null, "slug": "fire-and-blood"}}, {"model": "movie.epsoide", "pk": 11, "fields": {"name": "Unaired Pilot", "rate": "8.7", "season": 9, "description": "Invalided home from the war in Afghanistan, Dr. John Watson becomes roommates with the world's only \"consulting detective,\" Sherlock Holmes. Within a day their friendship is forged and several murders are solved.", "subtitle": null, "slug": "unaired-pilot"}}, {"model": "movie.epsoide", "pk": 12, "fields": {"name": "A Study in Pink", "rate": "8.9", "season": 9, "description": "War vet Dr. John Watson returns to London in need of a place to stay. He meets Sherlock Holmes, a consulting detective, and the two soon find themselves digging into a string of serial \"suicides.\"", "subtitle": null, "slug": "a-study-in-pink"}}, {"model": "movie.epsoide", "pk": 13, "fields": {"name": "The Blind Banker", "rate": "7.9", "season": 9, "description": "Mysterious symbols and murders are showing up all over London, leading Sherlock and John to a secret Chinese crime syndicate called Black Lotus.", "subtitle": null, "slug": "the-blind-banker"}}, {"model": "movie.epsoide", "pk": 14, "fields": {"name": "The Great Game", "rate": "9.0", "season": 9, "description": "Mycroft needs Sherlock's help, but a remorseless criminal mastermind puts Sherlock on a distracting crime-solving spree via a series of hostage human bombs through which he speaks.", "subtitle": null, "slug": "the-great-game"}}]